Workbook

Sheet README
A1: 반도체 장비용 불소고무 가스켓: 배합비-물성 데이터셋 및 가우시안 프로세스 모델
A3: 목적
A4: 공개 특허의 실시예/비교예 표에서 원재료(고무) 및 부재료(필러, 가교제, 가교조제, 수산제 등)의 배합비(phr)와 물성(경도, 인장강도, 신율, 100% 모듈러스, 압축영구줄음률)을 추출하고, 가우시안 프로세스(GP) 회귀 + 베이지안 최적화(BO)로 물성 예측 모델을 구축한 결과를 담은 파일입니다.
A6: 시트 구성
A7: Sources : 데이터 출처 특허 목록 (특허번호, 출원인, 제목, URL, 수집 행수/모델 사용 행수 = COUNTIF 수식)
A8: Raw_Data : 특허에서 추출한 전체 원자료 (표 값을 그대로 전사, 단위만 MPa로 환산)
A9: Model_Data : 정제 규칙을 통과해 모델링에 사용한 데이터 (파생변수 total_filler_phr 은 SUM 수식)
A10: Stats : 물성별 데이터 수·평균·표준편차·최소·최대 (Model_Data 참조 수식)
A11: HP_Trials : 하이퍼파라미터 실험 전체 기록 (기준모델, 커널 스크리닝, BO 3회 반복, 강건성 재평가)
A12: Best_Models : 물성별 최종 선택 하이퍼파라미터와 교차검증/테스트/출처별 검증 성능
A13: Predictions : 개발셋 OOF 예측 및 테스트셋 예측 (예측 표준편차, 95% 구간, 잔차 수식 포함)
A14: BO_Recommend : 학습된 GP + 제약 기대개선(cEI)으로 제안한 차기 실험 배합 후보 (실험 검증 전 예측값)
... A27: 요약 수치
A28: 수집 원자료 행 수 | B28: =COUNTA(Raw_Data!A:A)-1
A29: 수집 출처(특허) 수 | B29: =COUNTA(Sources!A:A)-2
A30: 모델링 사용 행 수 | B30: =COUNTA(Model_Data!A:A)-1

Sheet Sources
A1: source_id | B1: assignee | C1: title | D1: url | E1: rows_collected | F1: rows_in_model
A2: CN106633544B | B2: Shanghai Rushi Sealing Technology Co., Ltd. (上海如实密封科技有限公司) | C2: Fluororubber material for high-temperature high-pressure resistant sealing element and preparation method thereof | D2: https://patents.google.com/patent/CN106633544B/en | E2: =COUNTIF(Raw_Data!$A:$A,A2) | F2: =COUNTIF(Model_Data!$B:$B,A2)
A3: EP4249550A1 | B3: Mitsubishi Cable Industries, Ltd. | C3: Fluorine rubber composition and rubber molded article formed using same | D3: https://patents.google.com/patent/EP4249550A1/en | E3: =COUNTIF(Raw_Data!$A:$A,A3) | F3: =COUNTIF(Model_Data!$B:$B,A3)
A4: KR100894110B1 | B4: M&E Co., Ltd. (주식회사 엠앤이) | C4: Perfluoro rubbers for semiconductor sealing with improved elongation | D4: https://patents.google.com/patent/KR100894110B1/en | E4: =COUNTIF(Raw_Data!$A:$A,A4) | F4: =COUNTIF(Model_Data!$B:$B,A4)
A5: KR101467101B1 | B5: M&E Co., Ltd. (주식회사 엠앤이) | C5: Compound for sealing (FFKM compound for semiconductor/LCD CVD equipment) | D5: https://patents.google.com/patent/KR101467101B1/en | E5: =COUNTIF(Raw_Data!$A:$A,A5) | F5: =COUNTIF(Model_Data!$B:$B,A5)
A6: KR102323568B1 | B6: Chung-Ang University Industry-Academic Cooperation Foundation (중앙대학교 산학협력단) | C6: Perfluoro elastomer composite with improved heat resistance, and method of fabricating the same | D6: https://patents.google.com/patent/KR102323568B1/en | E6: =COUNTIF(Raw_Data!$A:$A,A6) | F6: =COUNTIF(Model_Data!$B:$B,A6)
A7: KR102324534B1 | B7: SHPP Global Technologies B.V. | C7: Composite material comprising fluoroelastomer and polyimide, method for producing the composite material, and article comprising the composite material | D7: https://patents.google.com/patent/KR102324534B1/en | E7: =COUNTIF(Raw_Data!$A:$A,A7) | F7: =COUNTIF(Model_Data!$B:$B,A7)
A8: KR102400335B1 | B8: M&E Co., Ltd. (주식회사 엠앤이) | C8: Sealing material for semiconductor manufacturing apparatus with improved plasma resistance in oxygen-atmosphere and fluorine-atmosphere plasma processes | D8: https://patents.google.com/patent/KR102400335B1/en | E8: =COUNTIF(Raw_Data!$A:$A,A8) | F8: =COUNTIF(Model_Data!$B:$B,A8)
A9: KR102713660B1 | B9: Hansung Tech Co., Ltd. (한성테크 주식회사) | C9: Method for manufacturing perfluororubber and fluororubber composite with improved chemical resistance | D9: https://patents.google.com/patent/KR102713660B1/en | E9: =COUNTIF(Raw_Data!$A:$A,A9) | F9: =COUNTIF(Model_Data!$B:$B,A9)
A10: KR102796110B1 | B10: DYFLEX Co., Ltd. (디와이플렉스 주식회사) | C10: Fluororubber-based composition for sealing | D10: https://patents.google.com/patent/KR102796110B1/en | E10: =COUNTIF(Raw_Data!$A:$A,A10) | F10: =COUNTIF(Model_Data!$B:$B,A10)
A11: KR20130014651A | B11: Pyung Hwa Oil Seal Industry Co., Ltd. (평화오일씰공업주식회사) | C11: Rubber composition of FKM oil seal with improved wear resistance | D11: https://patents.google.com/patent/KR20130014651A/en | E11: =COUNTIF(Raw_Data!$A:$A,A11) | F11: =COUNTIF(Model_Data!$B:$B,A11)
A12: US10723872B2 | B12: Nichias Corporation | C12: Crosslinkable elastomer composition, molded article, seal member, plasma treatment apparatus and semiconductor manufacturing apparatus including said seal member, and agent for decreasing hardness of molded article, method for producing molded article | D12: https://patents.google.com/patent/US10723872B2/en | E12: =COUNTIF(Raw_Data!$A:$A,A12) | F12: =COUNTIF(Model_Data!$B:$B,A12)
A13: US11072700B2 | B13: Daikin Industries, Ltd. | C13: Composition comprising fluoropolymer and molded article | D13: https://patents.google.com/patent/US11072700B2/en | E13: =COUNTIF(Raw_Data!$A:$A,A13) | F13: =COUNTIF(Model_Data!$B:$B,A13)
... A41: US8367776B2 | B41: Daikin Industries Ltd; Greene Tweed of Delaware Inc | C41: Perfluoroelastomer compositions and methods of preparing same | D41: https://patents.google.com/patent/US8367776B2/en | E41: =COUNTIF(Raw_Data!$A:$A,A41) | F41: =COUNTIF(Model_Data!$B:$B,A41)
A42: 합계 | E42: =SUM(E2:E41) | F42: =SUM(F2:F41)

Sheet Raw_Data
A1: source_id | B1: source_type | C1: assignee | D1: title | E1: url | F1: example_label | G1: polymer_type | H1: polymer_grade | I1: cure_system | J1: polymer_phr | K1: carbon_black_phr | L1: silica_phr | M1: alumina_phr | N1: barium_sulfate_phr | O1: titanium_oxide_phr | P1: fluororesin_phr | Q1: other_inorganic_filler_phr | R1: organic_additive_phr | S1: coagent_phr | T1: peroxide_phr | U1: nitrile_curative_phr | V1: other_curative_phr | W1: acid_acceptor_phr | X1: processing_aid_phr | Y1: other_ingredients_note | Z1: hardness_shoreA | AA1: tensile_MPa | AB1: elongation_pct | AC1: m100_MPa | AD1: compression_set_pct | AE1: cs_condition | AF1: plasma_weight_loss_pct | AG1: plasma_condition | AH1: units_original | AI1: extraction_notes
A2: US7678858B2 | B2: patent | C2: Daikin Industries, Ltd. | D2: Fluorine-containing elastomer composition excellent in plasma-aging prevention effect and shaped article made thereof | E2: https://patents.google.com/patent/US7678858B2/en | F2: Example 1 | G2: FFKM | H2: DAI-EL PERFLO GA-105 (TFE/perfluoro(alkyl vinyl ether), iodine cure site) | I2: peroxide | J2: 100 | K2: 0 | L2: 0 | M2: 15 | N2: 0 | O2: 0 | P2: 0 | Q2: 0 | R2: 2 | S2: 2 | T2: 1 | U2: 0 | V2: 0 | W2: 0 | X2: 0 | Y2: CROMOPHTAL Yellow 3RLP (isoindolinone pigment) 2; Al2O3 (0.02 um, 80 m2/g) 15; TAIC 2; PERHEXA 25B 1 | Z2: 78 | AA2: 24.52 | AB2: 170 | AC2: 9.02 | AD2: 21 | AE2: 200C x 70h, 25% compression, P-24 O-ring (JIS K6301) | AF2: 0.69 | AG2: O2 plasma, ICP high-density plasma device SAMCO RIE-101iPH, P-24 O-ring | AH2: M100 and tensile in kgf/cm2 (x0.0980665 -> MPa) | AI2: Tables 1 and 3. CF4 plasma weight loss 0.72%. Cure: press 160C x 7 min + oven 180C x 4 h.
A3: US7678858B2 | B3: patent | C3: Daikin Industries, Ltd. | D3: Fluorine-containing elastomer composition excellent in plasma-aging prevention effect and shaped article made thereof | E3: https://patents.google.com/patent/US7678858B2/en | F3: Example 2 | G3: FFKM | H3: DAI-EL PERFLO GA-105 (TFE/perfluoro(alkyl vinyl ether), iodine cure site) | I3: peroxide | J3: 100 | K3: 0 | L3: 0 | M3: 15 | N3: 0 | O3: 0 | P3: 0 | Q3: 0 | R3: 2 | S3: 2 | T3: 1 | U3: 0 | V3: 0 | W3: 0 | X3: 0 | Y3: CROMOPHTAL Red 2020 (quinacridone pigment) 2; Al2O3 (0.02 um, 80 m2/g) 15; TAIC 2; PERHEXA 25B 1 | Z3: 79 | AA3: 26.18 | AB3: 170 | AC3: 9.32 | AD3: 22 | AE3: 200C x 70h, 25% compression, P-24 O-ring (JIS K6301) | AF3: 0.7 | AG3: O2 plasma, ICP high-density plasma device SAMCO RIE-101iPH, P-24 O-ring | AH3: M100 and tensile in kgf/cm2 (x0.0980665 -> MPa) | AI3: Tables 1 and 3. CF4 plasma weight loss 0.76%. Cure: press 160C x 7 min + oven 180C x 4 h.
A4: US7678858B2 | B4: patent | C4: Daikin Industries, Ltd. | D4: Fluorine-containing elastomer composition excellent in plasma-aging prevention effect and shaped article made thereof | E4: https://patents.google.com/patent/US7678858B2/en | F4: Example 3 | G4: FFKM | H4: DAI-EL PERFLO GA-105 (TFE/perfluoro(alkyl vinyl ether), iodine cure site) | I4: peroxide | J4: 100 | K4: 0 | L4: 0 | M4: 15 | N4: 0 | O4: 0 | P4: 0 | Q4: 0 | R4: 2 | S4: 2 | T4: 1 | U4: 0 | V4: 0 | W4: 0 | X4: 0 | Y4: CROMOPHTAL Red 2030 (diketopyrrolopyrrole pigment) 2; Al2O3 (0.02 um, 80 m2/g) 15; TAIC 2; PERHEXA 25B 1 | Z4: 78 | AA4: 24.91 | AB4: 170 | AC4: 9.12 | AD4: 21 | AE4: 200C x 70h, 25% compression, P-24 O-ring (JIS K6301) | AF4: 0.71 | AG4: O2 plasma, ICP high-density plasma device SAMCO RIE-101iPH, P-24 O-ring | AH4: M100 and tensile in kgf/cm2 (x0.0980665 -> MPa) | AI4: Tables 1 and 3. CF4 plasma weight loss 0.74%. Cure: press 160C x 7 min + oven 180C x 4 h.
A5: US7678858B2 | B5: patent | C5: Daikin Industries, Ltd. | D5: Fluorine-containing elastomer composition excellent in plasma-aging prevention effect and shaped article made thereof | E5: https://patents.google.com/patent/US7678858B2/en | F5: Example 4 | G5: FFKM | H5: DAI-EL PERFLO GA-105 (TFE/perfluoro(alkyl vinyl ether), iodine cure site) | I5: peroxide | J5: 100 | K5: 0 | L5: 0 | M5: 15 | N5: 0 | O5: 0 | P5: 0 | Q5: 0 | R5: 2 | S5: 2 | T5: 1 | U5: 0 | V5: 0 | W5: 0 | X5: 0 | Y5: CROMOPHTAL Magenta P (quinacridone pigment) 2; Al2O3 (0.02 um, 80 m2/g) 15; TAIC 2; PERHEXA 25B 1 | Z5: 79 | AA5: 23.54 | AB5: 170 | AC5: 9.32 | AD5: 21 | AE5: 200C x 70h, 25% compression, P-24 O-ring (JIS K6301) | AF5: 0.67 | AG5: O2 plasma, ICP high-density plasma device SAMCO RIE-101iPH, P-24 O-ring | AH5: M100 and tensile in kgf/cm2 (x0.0980665 -> MPa) | AI5: Tables 1 and 3. CF4 plasma weight loss 0.77%. Cure: press 160C x 7 min + oven 180C x 4 h.
A6: US7678858B2 | B6: patent | C6: Daikin Industries, Ltd. | D6: Fluorine-containing elastomer composition excellent in plasma-aging prevention effect and shaped article made thereof | E6: https://patents.google.com/patent/US7678858B2/en | F6: Example 5 | G6: FFKM | H6: DAI-EL PERFLO GA-105 (TFE/perfluoro(alkyl vinyl ether), iodine cure site) | I6: peroxide | J6: 100 | K6: 0 | L6: 0 | M6: 15 | N6: 0 | O6: 0 | P6: 0 | Q6: 0 | R6: 2 | S6: 2 | T6: 1 | U6: 0 | V6: 0 | W6: 0 | X6: 0 | Y6: CROMOPHTAL Blue A3R (anthraquinone pigment) 2; Al2O3 (0.02 um, 80 m2/g) 15; TAIC 2; PERHEXA 25B 1 | Z6: 78 | AA6: 23.24 | AB6: 170 | AC6: 9.12 | AD6: 23 | AE6: 200C x 70h, 25% compression, P-24 O-ring (JIS K6301) | AF6: 0.73 | AG6: O2 plasma, ICP high-density plasma device SAMCO RIE-101iPH, P-24 O-ring | AH6: M100 and tensile in kgf/cm2 (x0.0980665 -> MPa) | AI6: Tables 1 and 3. CF4 plasma weight loss 0.74%. Cure: press 160C x 7 min + oven 180C x 4 h.
A7: US7678858B2 | B7: patent | C7: Daikin Industries, Ltd. | D7: Fluorine-containing elastomer composition excellent in plasma-aging prevention effect and shaped article made thereof | E7: https://patents.google.com/patent/US7678858B2/en | F7: Example 6 | G7: FFKM | H7: DAI-EL PERFLO GA-105 (TFE/perfluoro(alkyl vinyl ether), iodine cure site) | I7: peroxide | J7: 100 | K7: 0 | L7: 0 | M7: 15 | N7: 0 | O7: 0 | P7: 0 | Q7: 0 | R7: 2 | S7: 2 | T7: 1 | U7: 0 | V7: 0 | W7: 0 | X7: 0 | Y7: Antage RD (amine antioxidant) 2; Al2O3 (0.02 um, 80 m2/g) 15; TAIC 2; PERHEXA 25B 1 | Z7: 78 | AA7: 23.63 | AB7: 170 | AC7: 8.34 | AD7: 28 | AE7: 200C x 70h, 25% compression, P-24 O-ring (JIS K6301) | AF7: 0.69 | AG7: O2 plasma, ICP high-density plasma device SAMCO RIE-101iPH, P-24 O-ring | AH7: M100 and tensile in kgf/cm2 (x0.0980665 -> MPa) | AI7: Tables 1 and 3. CF4 plasma weight loss 0.59%. Cure: press 160C x 7 min + oven 180C x 4 h.
A8: US7678858B2 | B8: patent | C8: Daikin Industries, Ltd. | D8: Fluorine-containing elastomer composition excellent in plasma-aging prevention effect and shaped article made thereof | E8: https://patents.google.com/patent/US7678858B2/en | F8: Example 7 | G8: FFKM | H8: DAI-EL PERFLO GA-105 (TFE/perfluoro(alkyl vinyl ether), iodine cure site) | I8: peroxide | J8: 100 | K8: 0 | L8: 0 | M8: 15 | N8: 0 | O8: 0 | P8: 0 | Q8: 0 | R8: 2 | S8: 2 | T8: 1 | U8: 0 | V8: 0 | W8: 0 | X8: 0 | Y8: Antage W-300 (phenol antioxidant) 2; Al2O3 (0.02 um, 80 m2/g) 15; TAIC 2; PERHEXA 25B 1 | Z8: 79 | AA8: 25.11 | AB8: 200 | AC8: 5.98 | AD8: 48 | AE8: 200C x 70h, 25% compression, P-24 O-ring (JIS K6301) | AF8: 0.7 | AG8: O2 plasma, ICP high-density plasma device SAMCO RIE-101iPH, P-24 O-ring | AH8: M100 and tensile in kgf/cm2 (x0.0980665 -> MPa) | AI8: Tables 1 and 3. CF4 plasma weight loss 0.78%. Cure: press 160C x 7 min + oven 180C x 4 h.
A9: US7678858B2 | B9: patent | C9: Daikin Industries, Ltd. | D9: Fluorine-containing elastomer composition excellent in plasma-aging prevention effect and shaped article made thereof | E9: https://patents.google.com/patent/US7678858B2/en | F9: Example 8 | G9: FFKM | H9: DAI-EL PERFLO GA-105 (TFE/perfluoro(alkyl vinyl ether), iodine cure site) | I9: peroxide | J9: 100 | K9: 0 | L9: 0 | M9: 15 | N9: 0 | O9: 0 | P9: 0 | Q9: 0 | R9: 2 | S9: 2 | T9: 1 | U9: 0 | V9: 0 | W9: 0 | X9: 0 | Y9: Antage Crystal (phenol antioxidant) 2; Al2O3 (0.02 um, 80 m2/g) 15; TAIC 2; PERHEXA 25B 1 | Z9: 78 | AA9: 24.71 | AB9: 190 | AC9: 6.96 | AD9: 45 | AE9: 200C x 70h, 25% compression, P-24 O-ring (JIS K6301) | AF9: 0.67 | AG9: O2 plasma, ICP high-density plasma device SAMCO RIE-101iPH, P-24 O-ring | AH9: M100 and tensile in kgf/cm2 (x0.0980665 -> MPa) | AI9: Tables 1 and 3. CF4 plasma weight loss 0.73%. Cure: press 160C x 7 min + oven 180C x 4 h.
A10: US7678858B2 | B10: patent | C10: Daikin Industries, Ltd. | D10: Fluorine-containing elastomer composition excellent in plasma-aging prevention effect and shaped article made thereof | E10: https://patents.google.com/patent/US7678858B2/en | F10: Example 9 | G10: FFKM | H10: DAI-EL PERFLO GA-105 (TFE/perfluoro(alkyl vinyl ether), iodine cure site) | I10: peroxide | J10: 100 | K10: 0 | L10: 0 | M10: 15 | N10: 0 | O10: 0 | P10: 0 | Q10: 0 | R10: 2 | S10: 2 | T10: 1 | U10: 0 | V10: 0 | W10: 0 | X10: 0 | Y10: Antage MB (amine/sulfur antioxidant) 2; Al2O3 (0.02 um, 80 m2/g) 15; TAIC 2; PERHEXA 25B 1 | Z10: 80 | AA10: 23.14 | AB10: 170 | AC10: 8.92 | AD10: 28 | AE10: 200C x 70h, 25% compression, P-24 O-ring (JIS K6301) | AF10: 0.71 | AG10: O2 plasma, ICP high-density plasma device SAMCO RIE-101iPH, P-24 O-ring | AH10: M100 and tensile in kgf/cm2 (x0.0980665 -> MPa) | AI10: Tables 1 and 3. CF4 plasma weight loss 0.67%. Cure: press 160C x 7 min + oven 180C x 4 h.
A11: US7678858B2 | B11: patent | C11: Daikin Industries, Ltd. | D11: Fluorine-containing elastomer composition excellent in plasma-aging prevention effect and shaped article made thereof | E11: https://patents.google.com/patent/US7678858B2/en | F11: Comparative Example 1 | G11: FFKM | H11: DAI-EL PERFLO GA-105 (TFE/perfluoro(alkyl vinyl ether), iodine cure site) | I11: peroxide | J11: 100 | K11: 0 | L11: 0 | M11: 15 | N11: 0 | O11: 0 | P11: 0 | Q11: 0 | R11: 0 | S11: 2 | T11: 1 | U11: 0 | V11: 0 | W11: 0 | X11: 0 | Y11: no plasma anti-aging compound; Al2O3 (0.02 um, 80 m2/g) 15; TAIC 2; PERHEXA 25B 1 | Z11: 75 | AA11: 23.83 | AB11: 160 | AC11: 8.83 | AD11: 21 | AE11: 200C x 70h, 25% compression, P-24 O-ring (JIS K6301) | AF11: 0.78 | AG11: O2 plasma, ICP high-density plasma device SAMCO RIE-101iPH, P-24 O-ring | AH11: M100 and tensile in kgf/cm2 (x0.0980665 -> MPa) | AI11: Tables 1 and 3. CF4 plasma weight loss 0.82%. Cure: press 160C x 7 min + oven 180C x 4 h.
A12: US7678858B2 | B12: patent | C12: Daikin Industries, Ltd. | D12: Fluorine-containing elastomer composition excellent in plasma-aging prevention effect and shaped article made thereof | E12: https://patents.google.com/patent/US7678858B2/en | F12: Example 10 | G12: FFKM | H12: DAI-EL PERFLO GA-105 (TFE/perfluoro(alkyl vinyl ether), iodine cure site) | I12: peroxide | J12: 100 | K12: 0 | L12: 0 | M12: 0 | N12: 0 | O12: 0 | P12: 0 | Q12: 0 | R12: 15 | S12: 2 | T12: 1 | U12: 0 | V12: 0 | W12: 0 | X12: 0 | Y12: CROMOPHTAL Red 2020 15; no filler; TAIC 2; PERHEXA 25B 1 | Z12: 82 | AA12: 16.18 | AB12: 190 | AC12: 7.16 | AD12: 17 | AE12: 200C x 70h, 25% compression, P-24 O-ring (JIS K6301) | AF12: 3.49 | AG12: O2 plasma, ICP high-density plasma device SAMCO RIE-101iPH, P-24 O-ring | AH12: M100 and tensile in kgf/cm2 (x0.0980665 -> MPa) | AI12: Tables 2 and 4 (Example 10 has no filler per text). CF4 plasma weight loss 2.01%.
A13: US7678858B2 | B13: patent | C13: Daikin Industries, Ltd. | D13: Fluorine-containing elastomer composition excellent in plasma-aging prevention effect and shaped article made thereof | E13: https://patents.google.com/patent/US7678858B2/en | F13: Example 11 | G13: FFKM | H13: DAI-EL PERFLO GA-105 (TFE/perfluoro(alkyl vinyl ether), iodine cure site) | I13: peroxide | J13: 100 | K13: 0 | L13: 0 | M13: 15 | N13: 0 | O13: 0 | P13: 0 | Q13: 0 | R13: 15 | S13: 2 | T13: 1 | U13: 0 | V13: 0 | W13: 0 | X13: 0 | Y13: CROMOPHTAL Red 2020 15; Al2O3 15; TAIC 2; PERHEXA 25B 1 | Z13: 89 | AA13: 19.71 | AB13: 140 | AC13: 13.73 | AD13: 33 | AE13: 200C x 70h, 25% compression, P-24 O-ring (JIS K6301) | AF13: 0.65 | AG13: O2 plasma, ICP high-density plasma device SAMCO RIE-101iPH, P-24 O-ring | AH13: M100 and tensile in kgf/cm2 (x0.0980665 -> MPa) | AI13: Tables 2 and 4 (Example 10 has no filler per text). CF4 plasma weight loss 0.7%.
... A29: US6803402B2 | B29: patent | C29: Daikin Industries, Ltd. | D29: Elastomer molded article and crosslinkable fluorine-containing elastomer composition for semi-conductor production apparatuses | E29: https://patents.google.com/patent/US6803402B2/en | F29: Comparative Example 3 | G29: FFKM | H29: TFE/perfluoro(methyl vinyl ether) copolymer elastomer | I29: peroxide | J29: 100 | K29: 0 | L29: 0 | M29: 0 | N29: 0 | O29: 10 | P29: 0 | Q29: 0 | R29: 0 | S29: 3 | T29: 1 | U29: 0 | V29: 0 | W29: 0 | X29: 0 | Y29: Filler 5: TiO2 P-25 (0.021 um) 10; TAIC 3; PERHEXA 2.5B 1 | Z29: 59 | AA29: 19.71 | AB29: 153 | AC29: 5.88 | AD29: 20 | AE29: 200C x 70h, 25% compression, AS-568A-214 O-ring (JIS K6301) | AF29: 0.35 | AG29: O2 plasma 3 h, Samco PX-1000 RIE, 200 sccm, 400 W, 13.56 MHz, cleaned AS-568A-214 O-ring | AH29: M100 and tensile reported as 'kg.f' (taken as kgf/cm2, x0.0980665 -> MPa); hardness JIS A | AI29: Table 2. Table rows read 'Crosslinking agent 3 / Crosslinking aid 1'; Example 1 text states 1.0 g PERHEXA 2.5B and 3.0 g TAIC per 100 g polymer, used here. Plasma value from Table 3 (Comparative Example 6 = O-ring of Comparative Example 3, reported as weight change -0.35% after 3 h O2 plasma). Cure: press 160C x 10 min + oven 180C x 4 h.
A30: US8173727B2 | B30: patent | C30: Daikin Industries, Ltd. | D30: Crosslinkable elastomer composition and molded article using the same | E30: https://patents.google.com/patent/US8173727B2/en | F30: Example 1 | G30: FFKM | H30: TFE/PMVE copolymer (67/33 mol%) | I30: peroxide | J30: 100 | K30: 0 | L30: 0 | M30: 0 | N30: 0 | O30: 0 | P30: 0 | Q30: 0 | R30: 15 | S30: 2 | T30: 1 | U30: 0 | V30: 0 | W30: 0 | X30: 0 | Y30: polyimide UIP-S pulverized (~2 m2/g) 15; Perhexa 25B 1; TAIC 2 | Z30: 80 | AA30: 15.69 | AB30: 170 | AC30: 9.81 | AF30: 0.2 | AG30: high-density F radical (NF3/Ar 1/1 SLM, 5 torr, ASTRON generator), 200C, 2 h | AH30: M100 and tensile in kg/cm2 (x0.0980665 -> MPa) | AI30: Formulation from text (polymer/Perhexa 25B/TAIC/filler = 100/1/2/15); props Table 5, F-radical Table 4. O3 water exposure weight loss 2.8%. No compression set reported. Cure: press 160C x 10 min + oven 180C x 4 h.
A31: US8173727B2 | B31: patent | C31: Daikin Industries, Ltd. | D31: Crosslinkable elastomer composition and molded article using the same | E31: https://patents.google.com/patent/US8173727B2/en | F31: Example 2 | G31: FFKM | H31: TFE/PMVE copolymer (67/33 mol%) | I31: peroxide | J31: 100 | K31: 0 | L31: 0 | M31: 0 | N31: 0 | O31: 0 | P31: 0 | Q31: 0 | R31: 15 | S31: 2 | T31: 1 | U31: 0 | V31: 0 | W31: 0 | X31: 0 | Y31: polyimide UIP-S pulverized (~5 m2/g) 15; Perhexa 25B 1; TAIC 2 | Z31: 80 | AA31: 16.67 | AB31: 160 | AC31: 12.75 | AF31: 0.2 | AG31: high-density F radical (NF3/Ar 1/1 SLM, 5 torr, ASTRON generator), 200C, 2 h | AH31: M100 and tensile in kg/cm2 (x0.0980665 -> MPa) | AI31: Formulation from text (polymer/Perhexa 25B/TAIC/filler = 100/1/2/15); props Table 5, F-radical Table 4. O3 water exposure weight loss 2.9%. No compression set reported. Cure: press 160C x 10 min + oven 180C x 4 h.
A32: US8173727B2 | B32: patent | C32: Daikin Industries, Ltd. | D32: Crosslinkable elastomer composition and molded article using the same | E32: https://patents.google.com/patent/US8173727B2/en | F32: Example 3 | G32: FFKM | H32: TFE/PMVE copolymer (67/33 mol%) | I32: peroxide | J32: 100 | K32: 0 | L32: 0 | M32: 0 | N32: 0 | O32: 0 | P32: 0 | Q32: 0 | R32: 15 | S32: 2 | T32: 1 | U32: 0 | V32: 0 | W32: 0 | X32: 0 | Y32: polyimide UIP-S pulverized (~10 m2/g) 15; Perhexa 25B 1; TAIC 2 | Z32: 81 | AA32: 18.14 | AB32: 140 | AC32: 15.2 | AF32: 0.2 | AG32: high-density F radical (NF3/Ar 1/1 SLM, 5 torr, ASTRON generator), 200C, 2 h | AH32: M100 and tensile in kg/cm2 (x0.0980665 -> MPa) | AI32: Formulation from text (polymer/Perhexa 25B/TAIC/filler = 100/1/2/15); props Table 5, F-radical Table 4. O3 water exposure weight loss 2.8%. No compression set reported. Cure: press 160C x 10 min + oven 180C x 4 h.
A33: US8173727B2 | B33: patent | C33: Daikin Industries, Ltd. | D33: Crosslinkable elastomer composition and molded article using the same | E33: https://patents.google.com/patent/US8173727B2/en | F33: Example 4 | G33: FFKM | H33: TFE/PMVE copolymer (67/33 mol%) | I33: peroxide | J33: 100 | K33: 0 | L33: 0 | M33: 0 | N33: 0 | O33: 0 | P33: 0 | Q33: 0 | R33: 15 | S33: 2 | T33: 1 | U33: 0 | V33: 0 | W33: 0 | X33: 0 | Y33: polyimide UIP-S pulverized (~15 m2/g) 15; Perhexa 25B 1; TAIC 2 | Z33: 81 | AA33: 19.12 | AB33: 120 | AC33: 16.18 | AF33: 0.2 | AG33: high-density F radical (NF3/Ar 1/1 SLM, 5 torr, ASTRON generator), 200C, 2 h | AH33: M100 and tensile in kg/cm2 (x0.0980665 -> MPa) | AI33: Formulation from text (polymer/Perhexa 25B/TAIC/filler = 100/1/2/15); props Table 5, F-radical Table 4. O3 water exposure weight loss 2.7%. No compression set reported. Cure: press 160C x 10 min + oven 180C x 4 h.
A34: US8173727B2 | B34: patent | C34: Daikin Industries, Ltd. | D34: Crosslinkable elastomer composition and molded article using the same | E34: https://patents.google.com/patent/US8173727B2/en | F34: Example 5 | G34: FFKM | H34: TFE/PMVE copolymer (67/33 mol%) | I34: peroxide | J34: 100 | K34: 0 | L34: 0 | M34: 0 | N34: 0 | O34: 0 | P34: 0 | Q34: 0 | R34: 15 | S34: 2 | T34: 1 | U34: 0 | V34: 0 | W34: 0 | X34: 0 | Y34: polyimide UIP-S not pulverized (~0.6 m2/g, 7 um) 15; Perhexa 25B 1; TAIC 2 | Z34: 79 | AA34: 10.79 | AB34: 190 | AC34: 5.88 | AF34: 0.2 | AG34: high-density F radical (NF3/Ar 1/1 SLM, 5 torr, ASTRON generator), 200C, 2 h | AH34: M100 and tensile in kg/cm2 (x0.0980665 -> MPa) | AI34: Formulation from text (polymer/Perhexa 25B/TAIC/filler = 100/1/2/15); props Table 5, F-radical Table 4. O3 water exposure weight loss 2.8%. No compression set reported. Cure: press 160C x 10 min + oven 180C x 4 h.
A35: US8173727B2 | B35: patent | C35: Daikin Industries, Ltd. | D35: Crosslinkable elastomer composition and molded article using the same | E35: https://patents.google.com/patent/US8173727B2/en | F35: Example 6 | G35: FFKM | H35: TFE/PMVE copolymer (67/33 mol%) | I35: peroxide | J35: 100 | K35: 0 | L35: 0 | M35: 15 | N35: 0 | O35: 0 | P35: 0 | Q35: 0 | R35: 0 | S35: 2 | T35: 1 | U35: 0 | V35: 0 | W35: 0 | X35: 0 | Y35: theta-alumina AKP-G008 15; Perhexa 25B 1; TAIC 2 | Z35: 75 | AA35: 23.54 | AB35: 160 | AC35: 9.81 | AF35: 6.9 | AG35: high-density F radical (NF3/Ar 1/1 SLM, 5 torr, ASTRON generator), 200C, 2 h | AH35: M100 and tensile in kg/cm2 (x0.0980665 -> MPa) | AI35: Formulation from text (polymer/Perhexa 25B/TAIC/filler = 100/1/2/15); props Table 5, F-radical Table 4. O3 water exposure weight loss 2.6%. No compression set reported. Cure: press 160C x 10 min + oven 180C x 4 h.
A36: US8173727B2 | B36: patent | C36: Daikin Industries, Ltd. | D36: Crosslinkable elastomer composition and molded article using the same | E36: https://patents.google.com/patent/US8173727B2/en | F36: Example 7 | G36: FFKM | H36: TFE/PMVE copolymer (67/33 mol%) | I36: peroxide | J36: 100 | K36: 15 | L36: 0 | M36: 0 | N36: 0 | O36: 0 | P36: 0 | Q36: 0 | R36: 0 | S36: 2 | T36: 1 | U36: 0 | V36: 0 | W36: 0 | X36: 0 | Y36: carbon black N-990 15; Perhexa 25B 1; TAIC 2 | Z36: 80 | AA36: 19.61 | AB36: 180 | AC36: 9.81 | AF36: 0.3 | AG36: high-density F radical (NF3/Ar 1/1 SLM, 5 torr, ASTRON generator), 200C, 2 h | AH36: M100 and tensile in kg/cm2 (x0.0980665 -> MPa) | AI36: Formulation from text (polymer/Perhexa 25B/TAIC/filler = 100/1/2/15); props Table 5, F-radical Table 4. O3 water exposure weight loss 14.7%. No compression set reported. Cure: press 160C x 10 min + oven 180C x 4 h.
A37: US8173727B2 | B37: patent | C37: Daikin Industries, Ltd. | D37: Crosslinkable elastomer composition and molded article using the same | E37: https://patents.google.com/patent/US8173727B2/en | F37: Example 8 | G37: FFKM | H37: TFE/PMVE copolymer (67/33 mol%) | I37: peroxide | J37: 100 | K37: 0 | L37: 0 | M37: 0 | N37: 0 | O37: 0 | P37: 0 | Q37: 0 | R37: 0 | S37: 1 | T37: 2 | U37: 0 | V37: 0 | W37: 0 | X37: 0 | Y37: no filler; Perhexa 25B 2; TAIC 1 (as stated) | Z37: 65 | AA37: 13.73 | AB37: 210 | AC37: 2.94 | AF37: 0.4 | AG37: high-density F radical (NF3/Ar 1/1 SLM, 5 torr, ASTRON generator), 200C, 2 h | AH37: M100 and tensile in kg/cm2 (x0.0980665 -> MPa) | AI37: Text: polymer, Perhexa 25B and TAIC mixed at weight ratio 100/2/1 (note Example 1 used 100/1/2); recorded as stated. Props Table 5. No compression set reported.
A38: US8173727B2 | B38: patent | C38: Daikin Industries, Ltd. | D38: Crosslinkable elastomer composition and molded article using the same | E38: https://patents.google.com/patent/US8173727B2/en | F38: Example 9 | G38: FFKM | H38: TFE/perfluoroalkyl vinyl ether/cyano-group monomer 59.4/40.1/0.5 mol (Daikin) | I38: nitrile_other | J38: 100 | K38: 0 | L38: 0 | M38: 0 | N38: 0 | O38: 0 | P38: 0 | Q38: 15 | R38: 0 | S38: 0 | T38: 0 | U38: 1.2 | V38: 0 | W38: 0 | X38: 0 | Y38: AlN MAN-10 (200 nm) 15; crosslinker 6,6'-dianilino-3,3'-[2,2,2-trifluoro-1-(trifluoromethyl)ethylidene]dianiline 1.2 | AA38: 14.42 | AB38: 335 | AC38: 2.26 | AD38: 42 | AE38: 300C x 70h, AS-568A-214 O-ring (JIS K6262) | AF38: 0.11 | AG38: high-density F radical (NF3/Ar 1/1 SLM, 5 torr, ASTRON generator), 200C, 2 h | AH38: M100 and tensile in kgf/cm2 (x0.0980665 -> MPa); hardness reported as IRHD (not stored) | AI38: Formulation from text; props Table 7 (hardness IRHD 69, not Shore A). F-radical weight loss at 300C 1.08%; O3 weight loss 2.7%. Cure: press 180C x 10 min + oven 290C x 18 h.
A39: US8173727B2 | B39: patent | C39: Daikin Industries, Ltd. | D39: Crosslinkable elastomer composition and molded article using the same | E39: https://patents.google.com/patent/US8173727B2/en | F39: Example 10 | G39: FFKM | H39: TFE/perfluoroalkyl vinyl ether/cyano-group monomer 59.4/40.1/0.5 mol (Daikin) | I39: nitrile_other | J39: 100 | K39: 0 | L39: 0 | M39: 0 | N39: 0 | O39: 0 | P39: 0 | Q39: 15 | R39: 0 | S39: 0 | T39: 0 | U39: 1.2 | V39: 0 | W39: 0 | X39: 0 | Y39: Si3N4 SN-E10 (500 nm) 15; crosslinker 6,6'-dianilino-3,3'-[2,2,2-trifluoro-1-(trifluoromethyl)ethylidene]dianiline 1.2 | AA39: 12.85 | AB39: 25 | AC39: 2.94 | AD39: 27 | AE39: 300C x 70h, AS-568A-214 O-ring (JIS K6262) | AF39: 0.2 | AG39: high-density F radical (NF3/Ar 1/1 SLM, 5 torr, ASTRON generator), 200C, 2 h | AH39: M100 and tensile in kgf/cm2 (x0.0980665 -> MPa); hardness reported as IRHD (not stored) | AI39: Formulation from text; props Table 7 (hardness IRHD 70, not Shore A). F-radical weight loss at 300C 0.4%; O3 weight loss 2.6%. Cure: press 180C x 10 min + oven 290C x 18 h. Elongation 25% as printed (inconsistent with M100 value; possible typo in source).
A40: US8173727B2 | B40: patent | C40: Daikin Industries, Ltd. | D40: Crosslinkable elastomer composition and molded article using the same | E40: https://patents.google.com/patent/US8173727B2/en | F40: Example 11 | G40: FFKM | H40: TFE/perfluoroalkyl vinyl ether/cyano-group monomer 59.4/40.1/0.5 mol (Daikin) | I40: nitrile_other | J40: 100 | K40: 0 | L40: 0 | M40: 0 | N40: 0 | O40: 0 | P40: 0 | Q40: 15 | R40: 0 | S40: 0 | T40: 0 | U40: 1.2 | V40: 0 | W40: 0 | X40: 0 | Y40: SiC DU A-1 (450 nm) 15; crosslinker 6,6'-dianilino-3,3'-[2,2,2-trifluoro-1-(trifluoromethyl)ethylidene]dianiline 1.2 | AA40: 14.91 | AB40: 288 | AC40: 2.45 | AD40: 32 | AE40: 300C x 70h, AS-568A-214 O-ring (JIS K6262) | AF40: 0.2 | AG40: high-density F radical (NF3/Ar 1/1 SLM, 5 torr, ASTRON generator), 200C, 2 h | AH40: M100 and tensile in kgf/cm2 (x0.0980665 -> MPa); hardness reported as IRHD (not stored) | AI40: Formulation from text; props Table 7 (hardness IRHD 67, not Shore A). F-radical weight loss at 300C 0.42%; O3 weight loss 2.6%. Cure: press 180C x 10 min + oven 290C x 18 h.
A41: US8173727B2 | B41: patent | C41: Daikin Industries, Ltd. | D41: Crosslinkable elastomer composition and molded article using the same | E41: https://patents.google.com/patent/US8173727B2/en | F41: Example 12 | G41: FFKM | H41: TFE/perfluoroalkyl vinyl ether/cyano-group monomer 59.4/40.1/0.5 mol (Daikin) | I41: nitrile_other | J41: 100 | K41: 20 | L41: 0 | M41: 0 | N41: 0 | O41: 0 | P41: 0 | Q41: 0 | R41: 0 | S41: 0 | T41: 0 | U41: 0.8 | V41: 0 | W41: 0 | X41: 0 | Y41: carbon black Thermax N-990 20; crosslinker 6,6'-dianilino-3,3'-[2,2,2-trifluoro-1-(trifluoromethyl)ethylidene]dianiline 0.8 | AA41: 19.52 | AB41: 273 | AC41: 5 | AD41: 38 | AE41: 300C x 70h, AS-568A-214 O-ring (JIS K6262) | AF41: 0.15 | AG41: high-density F radical (NF3/Ar 1/1 SLM, 5 torr, ASTRON generator), 200C, 2 h | AH41: M100 and tensile in kgf/cm2 (x0.0980665 -> MPa); hardness reported as IRHD (not stored) | AI41: Formulation from text; props Table 7 (hardness IRHD 75, not Shore A). F-radical weight loss at 300C 0.17%; O3 weight loss 4.6%. Cure: press 180C x 10 min + oven 290C x 18 h.
A42: US8173727B2 | B42: patent | C42: Daikin Industries, Ltd. | D42: Crosslinkable elastomer composition and molded article using the same | E42: https://patents.google.com/patent/US8173727B2/en | F42: Example 13 | G42: FFKM | H42: TFE/perfluoroalkyl vinyl ether/cyano-group monomer 59.4/40.1/0.5 mol (Daikin) | I42: nitrile_other | J42: 100 | K42: 0 | L42: 15 | M42: 0 | N42: 0 | O42: 0 | P42: 0 | Q42: 0 | R42: 0 | S42: 0 | T42: 0 | U42: 1.2 | V42: 0 | W42: 0 | X42: 0 | Y42: SiO2 M-7D (15 nm) 15; crosslinker 6,6'-dianilino-3,3'-[2,2,2-trifluoro-1-(trifluoromethyl)ethylidene]dianiline 1.2 | AA42: 13.34 | AB42: 275 | AC42: 4.9 | AE42: 300C x 70h, AS-568A-214 O-ring (JIS K6262) | AF42: 0.23 | AG42: high-density F radical (NF3/Ar 1/1 SLM, 5 torr, ASTRON generator), 200C, 2 h | AH42: M100 and tensile in kgf/cm2 (x0.0980665 -> MPa); hardness reported as IRHD (not stored) | AI42: Formulation from text; props Table 7 (hardness IRHD 74, not Shore A). F-radical weight loss at 300C 0.51%; O3 weight loss 2.9%. Cure: press 180C x 10 min + oven 290C x 18 h.
A43: US8173727B2 | B43: patent | C43: Daikin Industries, Ltd. | D43: Crosslinkable elastomer composition and molded article using the same | E43: https://patents.google.com/patent/US8173727B2/en | F43: Example 14 | G43: FFKM | H43: TFE/perfluoroalkyl vinyl ether/cyano-group monomer 59.4/40.1/0.5 mol (Daikin) | I43: nitrile_other | J43: 100 | K43: 0 | L43: 0 | M43: 15 | N43: 0 | O43: 0 | P43: 0 | Q43: 0 | R43: 0 | S43: 0 | T43: 0 | U43: 1.2 | V43: 0 | W43: 0 | X43: 0 | Y43: alpha-Al2O3 AKP-53 (200 nm) 15; crosslinker 6,6'-dianilino-3,3'-[2,2,2-trifluoro-1-(trifluoromethyl)ethylidene]dianiline 1.2 | AA43: 15.79 | AB43: 307 | AC43: 2.26 | AD43: 45 | AE43: 300C x 70h, AS-568A-214 O-ring (JIS K6262) | AF43: 3.21 | AG43: high-density F radical (NF3/Ar 1/1 SLM, 5 torr, ASTRON generator), 200C, 2 h | AH43: M100 and tensile in kgf/cm2 (x0.0980665 -> MPa); hardness reported as IRHD (not stored) | AI43: Formulation from text; props Table 7 (hardness IRHD 66, not Shore A). F-radical weight loss at 300C 5.66%; O3 weight loss 2.6%. Cure: press 180C x 10 min + oven 290C x 18 h.
A44: US8211964B2 | B44: patent | C44: Daikin Industries, Ltd. | D44: Curable composition, molded article obtained from same and process for production of molded article | E44: https://patents.google.com/patent/US8211964B2/en | F44: Example 2 | G44: FFKM | H44: TFE/PMVE/CNVE (CF2=CFOCF2CF(CF3)OCF2CF2CN) elastomer with cyano end groups (Preparation Example 1) | I44: nitrile_triazine | J44: 100 | K44: 0 | L44: 0 | M44: 0 | N44: 0 | O44: 0 | P44: 0 | Q44: 0 | R44: 0 | S44: 0 | T44: 0 | U44: 0.35 | V44: 0 | W44: 0 | X44: 0 | Y44: Si3N4 SN-A00 (30 nm) 0.35 as sole curing catalyst | Z44: 57.2 | AA44: 9.32 | AB44: 295 | AC44: 1.18 | AD44: 18 | AE44: 200C x 72h, AS-568A-214 O-ring | AH44: M100 and Tb in kgf/cm2 (x0.0980665 -> MPa) | AI44: Table 1; AFTA-Ph = 2,2-bis[3-amino-4-(N-phenylamino)phenyl]hexafluoropropane; nitrile_curative = sum of curatives. CS 250C x 72h 18%; 300C x 72h 33%. Cure: press 180C for T90 + oven 290C x 18 h. CS per JIS K6301 on AS-568A-214 O-ring. Example 1 (Si3N4 0.20) omitted: no properties reported.
A45: US8211964B2 | B45: patent | C45: Daikin Industries, Ltd. | D45: Curable composition, molded article obtained from same and process for production of molded article | E45: https://patents.google.com/patent/US8211964B2/en | F45: Example 3 | G45: FFKM | H45: TFE/PMVE/CNVE (CF2=CFOCF2CF(CF3)OCF2CF2CN) elastomer with cyano end groups (Preparation Example 1) | I45: nitrile_triazine | J45: 100 | K45: 0 | L45: 0 | M45: 0 | N45: 0 | O45: 0 | P45: 0 | Q45: 0 | R45: 0 | S45: 0 | T45: 0 | U45: 0.4 | V45: 0 | W45: 0 | X45: 0 | Y45: Si3N4 SN-A00 (30 nm) 0.40 as sole curing catalyst | Z45: 58 | AA45: 10 | AB45: 265 | AC45: 1.37 | AD45: 17 | AE45: 200C x 72h, AS-568A-214 O-ring | AH45: M100 and Tb in kgf/cm2 (x0.0980665 -> MPa) | AI45: Table 1; AFTA-Ph = 2,2-bis[3-amino-4-(N-phenylamino)phenyl]hexafluoropropane; nitrile_curative = sum of curatives. CS 250C x 72h 17%; 300C x 72h 30%. Cure: press 180C for T90 + oven 290C x 18 h. CS per JIS K6301 on AS-568A-214 O-ring. Example 1 (Si3N4 0.20) omitted: no properties reported.
A46: US8211964B2 | B46: patent | C46: Daikin Industries, Ltd. | D46: Curable composition, molded article obtained from same and process for production of molded article | E46: https://patents.google.com/patent/US8211964B2/en | F46: Example 4 | G46: FFKM | H46: TFE/PMVE/CNVE (CF2=CFOCF2CF(CF3)OCF2CF2CN) elastomer with cyano end groups (Preparation Example 1) | I46: nitrile_triazine | J46: 100 | K46: 0 | L46: 0 | M46: 0 | N46: 0 | O46: 0 | P46: 0 | Q46: 20 | R46: 0 | S46: 0 | T46: 0 | U46: 0 | V46: 0 | W46: 0 | X46: 0 | Y46: Si3N4 SN-E10 pulverized (<=300 nm) 20; acts as both filler and sole curing catalyst (no separate curative) | Z46: 76 | AA46: 12.75 | AB46: 180 | AC46: 5 | AD46: 42 | AE46: 250C x 72h, AS-568A-214 O-ring | AH46: M100 and Tb in kgf/cm2 (x0.0980665 -> MPa) | AI46: Table 1; AFTA-Ph = 2,2-bis[3-amino-4-(N-phenylamino)phenyl]hexafluoropropane; nitrile_curative = sum of curatives. Only 250C CS reported. Cure: press 180C for T90 + oven 290C x 18 h. CS per JIS K6301 on AS-568A-214 O-ring. Example 1 (Si3N4 0.20) omitted: no properties reported.
A47: US8211964B2 | B47: patent | C47: Daikin Industries, Ltd. | D47: Curable composition, molded article obtained from same and process for production of molded article | E47: https://patents.google.com/patent/US8211964B2/en | F47: Example 5 | G47: FFKM | H47: TFE/PMVE/CNVE (CF2=CFOCF2CF(CF3)OCF2CF2CN) elastomer with cyano end groups (Preparation Example 1) | I47: nitrile_triazine | J47: 100 | K47: 0 | L47: 0 | M47: 0 | N47: 0 | O47: 0 | P47: 0 | Q47: 20 | R47: 0 | S47: 0 | T47: 0 | U47: 0 | V47: 0 | W47: 0 | X47: 0 | Y47: AlN pulverized (Tokuyama H grade) 20; acts as both filler and sole curing catalyst (no separate curative) | Z47: 78 | AA47: 11.77 | AB47: 170 | AC47: 4.9 | AD47: 48 | AE47: 250C x 72h, AS-568A-214 O-ring | AH47: M100 and Tb in kgf/cm2 (x0.0980665 -> MPa) | AI47: Table 1; AFTA-Ph = 2,2-bis[3-amino-4-(N-phenylamino)phenyl]hexafluoropropane; nitrile_curative = sum of curatives. Only 250C CS reported. Cure: press 180C for T90 + oven 290C x 18 h. CS per JIS K6301 on AS-568A-214 O-ring. Example 1 (Si3N4 0.20) omitted: no properties reported.
A48: US8211964B2 | B48: patent | C48: Daikin Industries, Ltd. | D48: Curable composition, molded article obtained from same and process for production of molded article | E48: https://patents.google.com/patent/US8211964B2/en | F48: Example 6 | G48: FFKM | H48: TFE/PMVE/CNVE (CF2=CFOCF2CF(CF3)OCF2CF2CN) elastomer with cyano end groups (Preparation Example 1) | I48: nitrile_other | J48: 100 | K48: 0 | L48: 0 | M48: 0 | N48: 0 | O48: 0 | P48: 0 | Q48: 0 | R48: 15 | S48: 0 | T48: 0 | U48: 1.3 | V48: 0 | W48: 0 | X48: 0 | Y48: AFTA-Ph 1.2 + Si3N4 SN-A00 (30 nm) 0.1; polyimide UIP-S 15 | Z48: 73 | AA48: 13.04 | AB48: 234 | AC48: 5.2 | AD48: 24 | AE48: 300C x 72h, AS-568A-214 O-ring | AH48: M100 and Tb in kgf/cm2 (x0.0980665 -> MPa) | AI48: Table 2; AFTA-Ph = 2,2-bis[3-amino-4-(N-phenylamino)phenyl]hexafluoropropane; nitrile_curative = sum of curatives. CS 275C x 72h 10%, 275C x 168h 14%, 300C x 168h 35%. Cure: press 180C for T90 + oven 290C x 18 h. CS per JIS K6301 on AS-568A-214 O-ring. Example 1 (Si3N4 0.20) omitted: no properties reported.
A49: US8211964B2 | B49: patent | C49: Daikin Industries, Ltd. | D49: Curable composition, molded article obtained from same and process for production of molded article | E49: https://patents.google.com/patent/US8211964B2/en | F49: Comparative Example 1 | G49: FFKM | H49: TFE/PMVE/CNVE (CF2=CFOCF2CF(CF3)OCF2CF2CN) elastomer with cyano end groups (Preparation Example 1) | I49: nitrile_other | J49: 100 | K49: 0 | L49: 0 | M49: 0 | N49: 0 | O49: 0 | P49: 0 | Q49: 0 | R49: 15 | S49: 0 | T49: 0 | U49: 1.2 | V49: 0 | W49: 0 | X49: 0 | Y49: AFTA-Ph 1.2; polyimide UIP-S 15 | Z49: 73 | AA49: 12.85 | AB49: 256 | AC49: 4.9 | AD49: 31 | AE49: 300C x 72h, AS-568A-214 O-ring | AH49: M100 and Tb in kgf/cm2 (x0.0980665 -> MPa) | AI49: Table 2; AFTA-Ph = 2,2-bis[3-amino-4-(N-phenylamino)phenyl]hexafluoropropane; nitrile_curative = sum of curatives. CS 275C x 72h 18%, 275C x 168h 26%, 300C x 168h 44%. Cure: press 180C for T90 + oven 290C x 18 h. CS per JIS K6301 on AS-568A-214 O-ring. Example 1 (Si3N4 0.20) omitted: no properties reported.
A50: US8211964B2 | B50: patent | C50: Daikin Industries, Ltd. | D50: Curable composition, molded article obtained from same and process for production of molded article | E50: https://patents.google.com/patent/US8211964B2/en | F50: Example 7 | G50: FFKM | H50: TFE/PMVE/CNVE (CF2=CFOCF2CF(CF3)OCF2CF2CN) elastomer with cyano end groups (Preparation Example 1) | I50: nitrile_other | J50: 100 | K50: 0 | L50: 10 | M50: 0 | N50: 0 | O50: 0 | P50: 0 | Q50: 0 | R50: 0 | S50: 0 | T50: 0 | U50: 1.3 | V50: 0 | W50: 0 | X50: 0 | Y50: AFTA-Ph 1.2 + Si3N4 SN-A00 (30 nm) 0.1; SiO2 M-7D 10 | Z50: 77 | AA50: 17.65 | AB50: 310 | AC50: 5 | AD50: 53 | AE50: 300C x 72h, AS-568A-214 O-ring | AH50: M100 and Tb in kgf/cm2 (x0.0980665 -> MPa) | AI50: Table 2; AFTA-Ph = 2,2-bis[3-amino-4-(N-phenylamino)phenyl]hexafluoropropane; nitrile_curative = sum of curatives. CS 275C x 72h 43%, 275C x 168h 50%, 300C x 168h 71%. Cure: press 180C for T90 + oven 290C x 18 h. CS per JIS K6301 on AS-568A-214 O-ring. Example 1 (Si3N4 0.20) omitted: no properties reported.
A51: US8211964B2 | B51: patent | C51: Daikin Industries, Ltd. | D51: Curable composition, molded article obtained from same and process for production of molded article | E51: https://patents.google.com/patent/US8211964B2/en | F51: Comparative Example 2 | G51: FFKM | H51: TFE/PMVE/CNVE (CF2=CFOCF2CF(CF3)OCF2CF2CN) elastomer with cyano end groups (Preparation Example 1) | I51: nitrile_other | J51: 100 | K51: 0 | L51: 10 | M51: 0 | N51: 0 | O51: 0 | P51: 0 | Q51: 0 | R51: 0 | S51: 0 | T51: 0 | U51: 1.2 | V51: 0 | W51: 0 | X51: 0 | Y51: AFTA-Ph 1.2; SiO2 M-7D 10 | Z51: 75 | AA51: 17.06 | AB51: 288 | AC51: 5.1 | AD51: 72 | AE51: 300C x 72h, AS-568A-214 O-ring | AH51: M100 and Tb in kgf/cm2 (x0.0980665 -> MPa) | AI51: Table 2; AFTA-Ph = 2,2-bis[3-amino-4-(N-phenylamino)phenyl]hexafluoropropane; nitrile_curative = sum of curatives. CS 275C x 72h 58%, 275C x 168h 67%, 300C x 168h 88%. Cure: press 180C for T90 + oven 290C x 18 h. CS per JIS K6301 on AS-568A-214 O-ring. Example 1 (Si3N4 0.20) omitted: no properties reported.
A52: US8211964B2 | B52: patent | C52: Daikin Industries, Ltd. | D52: Curable composition, molded article obtained from same and process for production of molded article | E52: https://patents.google.com/patent/US8211964B2/en | F52: Example 8 | G52: FFKM | H52: TFE/PMVE/CNVE (CF2=CFOCF2CF(CF3)OCF2CF2CN) elastomer with cyano end groups (Preparation Example 1) | I52: nitrile_other | J52: 100 | K52: 20 | L52: 0 | M52: 0 | N52: 0 | O52: 0 | P52: 0 | Q52: 5 | R52: 0 | S52: 0 | T52: 0 | U52: 1 | V52: 0 | W52: 0 | X52: 0 | Y52: AFTA-Ph 1.0; Si3N4 SN-E10 (<=300 nm) 5 (curing accelerator, counted as inorganic filler); carbon Thermax N990 20 | Z52: 83 | AA52: 18.63 | AB52: 205 | AC52: 6.37 | AD52: 32 | AE52: 300C x 72h, AS-568A-214 O-ring | AH52: M100 and Tb in kgf/cm2 (x0.0980665 -> MPa) | AI52: Table 2; AFTA-Ph = 2,2-bis[3-amino-4-(N-phenylamino)phenyl]hexafluoropropane; nitrile_curative = sum of curatives. CS 275C x 72h 22%, 275C x 168h 25%, 300C x 168h 39%. Cure: press 180C for T90 + oven 290C x 18 h. CS per JIS K6301 on AS-568A-214 O-ring. Example 1 (Si3N4 0.20) omitted: no properties reported.
A53: US8211964B2 | B53: patent | C53: Daikin Industries, Ltd. | D53: Curable composition, molded article obtained from same and process for production of molded article | E53: https://patents.google.com/patent/US8211964B2/en | F53: Comparative Example 3 | G53: FFKM | H53: TFE/PMVE/CNVE (CF2=CFOCF2CF(CF3)OCF2CF2CN) elastomer with cyano end groups (Preparation Example 1) | I53: nitrile_other | J53: 100 | K53: 20 | L53: 0 | M53: 0 | N53: 0 | O53: 0 | P53: 0 | Q53: 0 | R53: 0 | S53: 0 | T53: 0 | U53: 1 | V53: 0 | W53: 0 | X53: 0 | Y53: AFTA-Ph 1.0; carbon Thermax N990 20 | Z53: 73 | AA53: 22.56 | AB53: 200 | AC53: 5.88 | AD53: 30 | AE53: 300C x 72h, AS-568A-214 O-ring | AH53: M100 and Tb in kgf/cm2 (x0.0980665 -> MPa) | AI53: Table 2; AFTA-Ph = 2,2-bis[3-amino-4-(N-phenylamino)phenyl]hexafluoropropane; nitrile_curative = sum of curatives. CS 275C x 72h 22%, 275C x 168h 25%, 300C x 168h 38%. Cure: press 180C for T90 + oven 290C x 18 h. CS per JIS K6301 on AS-568A-214 O-ring. Example 1 (Si3N4 0.20) omitted: no properties reported.
A54: US11753523B2 | B54: patent | C54: Daikin Industries, Ltd. | D54: Crosslinkable elastomer composition and fluororubber molded article | E54: https://patents.google.com/patent/US11753523B2/en | F54: Example 1 | G54: FFKM | H54: TFE/PMVE/CNVE 59.4/40.1/0.5 mol | I54: nitrile_other | J54: 100 | K54: 0 | L54: 0 | M54: 0 | N54: 0 | O54: 0 | P54: 0 | Q54: 10 | R54: 0 | S54: 0 | T54: 0 | U54: 0.9 | V54: 0 | W54: 0 | X54: 0 | Y54: surface-oxidized SiC (NM-SiC 30 nm heat-treated 800C x 1 h in air) 10; NphAF 0.9 (2,2-bis[3-amino-4-(N-phenylamino)phenyl]hexafluoropropane) | Z54: 72 | AD54: 33 | AE54: 300C x 70h, AS-568A-214 O-ring (JIS K6262) | AF54: 1.9 | AG54: O2 plasma, ICP RIE-101iPH, 16 sccm, 400 W, 2.66 Pa, 30 min, 100C, P-24 O-ring | AH54: as reported (Shore A, %) | AI54: Table 1 (US11753523B2). CS 300C x 168h: n/r%. NF3 plasma weight loss: 1.79%. Cure: press 180C x 30 min + oven (200-)290C x 18 h.
A55: US11753523B2 | B55: patent | C55: Daikin Industries, Ltd. | D55: Crosslinkable elastomer composition and fluororubber molded article | E55: https://patents.google.com/patent/US11753523B2/en | F55: Example 2 | G55: FFKM | H55: TFE/PMVE/CNVE 59.4/40.1/0.5 mol | I55: nitrile_triazine | J55: 100 | K55: 0 | L55: 0 | M55: 0 | N55: 0 | O55: 0 | P55: 0 | Q55: 10 | R55: 0 | S55: 0 | T55: 0 | U55: 0.4 | V55: 0 | W55: 0 | X55: 0 | Y55: surface-oxidized SiC (NM-SiC 30 nm heat-treated 800C x 1 h in air) 10; Si3N4 (0.03 um) 0.4 (triazine-cure catalyst) | Z55: 71 | AD55: 33 | AE55: 300C x 70h, AS-568A-214 O-ring (JIS K6262) | AF55: 1.89 | AG55: O2 plasma, ICP RIE-101iPH, 16 sccm, 400 W, 2.66 Pa, 30 min, 100C, P-24 O-ring | AH55: as reported (Shore A, %) | AI55: Table 1 (US11753523B2). CS 300C x 168h: n/r%. NF3 plasma weight loss: 1.78%. Cure: press 180C x 30 min + oven (200-)290C x 18 h.
A56: US11753523B2 | B56: patent | C56: Daikin Industries, Ltd. | D56: Crosslinkable elastomer composition and fluororubber molded article | E56: https://patents.google.com/patent/US11753523B2/en | F56: Example 3 | G56: FFKM | H56: TFE/PMVE/CNVE 59.4/40.1/0.5 mol | I56: nitrile_other | J56: 100 | K56: 0 | L56: 0 | M56: 0 | N56: 0 | O56: 0 | P56: 0 | Q56: 15 | R56: 0 | S56: 0 | T56: 0 | U56: 0.9 | V56: 0 | W56: 0 | X56: 0 | Y56: surface-oxidized SiC (NM-SiC 30 nm heat-treated 800C x 1 h in air) 15; NphAF 0.9 (2,2-bis[3-amino-4-(N-phenylamino)phenyl]hexafluoropropane) | Z56: 75 | AD56: 42 | AE56: 300C x 70h, AS-568A-214 O-ring (JIS K6262) | AF56: 1.42 | AG56: O2 plasma, ICP RIE-101iPH, 16 sccm, 400 W, 2.66 Pa, 30 min, 100C, P-24 O-ring | AH56: as reported (Shore A, %) | AI56: Table 1 (US11753523B2). CS 300C x 168h: 58%. NF3 plasma weight loss: 1.34%. Cure: press 180C x 30 min + oven (200-)290C x 18 h.
A57: US11753523B2 | B57: patent | C57: Daikin Industries, Ltd. | D57: Crosslinkable elastomer composition and fluororubber molded article | E57: https://patents.google.com/patent/US11753523B2/en | F57: Example 4 | G57: FFKM | H57: TFE/PMVE/CNVE 59.4/40.1/0.5 mol | I57: nitrile_triazine | J57: 100 | K57: 0 | L57: 0 | M57: 0 | N57: 0 | O57: 0 | P57: 0 | Q57: 15 | R57: 0 | S57: 0 | T57: 0 | U57: 0.4 | V57: 0 | W57: 0 | X57: 0 | Y57: surface-oxidized SiC (NM-SiC 30 nm heat-treated 800C x 1 h in air) 15; Si3N4 (0.03 um) 0.4 (triazine-cure catalyst) | Z57: 75 | AD57: 36 | AE57: 300C x 70h, AS-568A-214 O-ring (JIS K6262) | AF57: 1.4 | AG57: O2 plasma, ICP RIE-101iPH, 16 sccm, 400 W, 2.66 Pa, 30 min, 100C, P-24 O-ring | AH57: as reported (Shore A, %) | AI57: Table 1 (US11753523B2). CS 300C x 168h: 46%. NF3 plasma weight loss: 1.43%. Cure: press 180C x 30 min + oven (200-)290C x 18 h.
A58: US11753523B2 | B58: patent | C58: Daikin Industries, Ltd. | D58: Crosslinkable elastomer composition and fluororubber molded article | E58: https://patents.google.com/patent/US11753523B2/en | F58: Example 5 | G58: FFKM | H58: TFE/PMVE/CNVE 59.4/40.1/0.5 mol | I58: nitrile_triazine | J58: 100 | K58: 0 | L58: 0 | M58: 0 | N58: 0 | O58: 0 | P58: 0 | Q58: 20 | R58: 0 | S58: 0 | T58: 0 | U58: 0.4 | V58: 0 | W58: 0 | X58: 0 | Y58: surface-oxidized SiC (NM-SiC 30 nm heat-treated 800C x 1 h in air) 20; Si3N4 (0.03 um) 0.4 (triazine-cure catalyst) | Z58: 80 | AD58: 47 | AE58: 300C x 70h, AS-568A-214 O-ring (JIS K6262) | AF58: 0.98 | AG58: O2 plasma, ICP RIE-101iPH, 16 sccm, 400 W, 2.66 Pa, 30 min, 100C, P-24 O-ring | AH58: as reported (Shore A, %) | AI58: Table 1 (US11753523B2). CS 300C x 168h: n/r%. NF3 plasma weight loss: 1.39%. Cure: press 180C x 30 min + oven (200-)290C x 18 h.
A59: US11753523B2 | B59: patent | C59: Daikin Industries, Ltd. | D59: Crosslinkable elastomer composition and fluororubber molded article | E59: https://patents.google.com/patent/US11753523B2/en | F59: Comparative Example 1 | G59: FFKM | H59: TFE/PMVE/CNVE 59.4/40.1/0.5 mol | I59: nitrile_other | J59: 100 | K59: 0 | L59: 0 | M59: 0 | N59: 0 | O59: 0 | P59: 0 | Q59: 10 | R59: 0 | S59: 0 | T59: 0 | U59: 0.9 | V59: 0 | W59: 0 | X59: 0 | Y59: SiC (0.03 um, untreated) 10; NphAF 0.9 (2,2-bis[3-amino-4-(N-phenylamino)phenyl]hexafluoropropane) | Z59: 72 | AD59: 43 | AE59: 300C x 70h, AS-568A-214 O-ring (JIS K6262) | AF59: 1.92 | AG59: O2 plasma, ICP RIE-101iPH, 16 sccm, 400 W, 2.66 Pa, 30 min, 100C, P-24 O-ring | AH59: as reported (Shore A, %) | AI59: Table 1 (US11753523B2). Filler row assignment confirmed with the same table in continuation US12286523B2. CS 300C x 168h: n/r%. NF3 plasma weight loss: 1.82%. Cure: press 180C x 30 min + oven (200-)290C x 18 h.
A60: US11753523B2 | B60: patent | C60: Daikin Industries, Ltd. | D60: Crosslinkable elastomer composition and fluororubber molded article | E60: https://patents.google.com/patent/US11753523B2/en | F60: Comparative Example 2 | G60: FFKM | H60: TFE/PMVE/CNVE 59.4/40.1/0.5 mol | I60: nitrile_triazine | J60: 100 | K60: 0 | L60: 0 | M60: 0 | N60: 0 | O60: 0 | P60: 0 | Q60: 10 | R60: 0 | S60: 0 | T60: 0 | U60: 0.4 | V60: 0 | W60: 0 | X60: 0 | Y60: SiC (0.03 um, untreated) 10; Si3N4 (0.03 um) 0.4 (triazine-cure catalyst) | Z60: 71 | AD60: 59 | AE60: 300C x 70h, AS-568A-214 O-ring (JIS K6262) | AF60: 1.93 | AG60: O2 plasma, ICP RIE-101iPH, 16 sccm, 400 W, 2.66 Pa, 30 min, 100C, P-24 O-ring | AH60: as reported (Shore A, %) | AI60: Table 1 (US11753523B2). Filler row assignment confirmed with the same table in continuation US12286523B2. CS 300C x 168h: n/r%. NF3 plasma weight loss: 1.78%. Cure: press 180C x 30 min + oven (200-)290C x 18 h.
A61: US11753523B2 | B61: patent | C61: Daikin Industries, Ltd. | D61: Crosslinkable elastomer composition and fluororubber molded article | E61: https://patents.google.com/patent/US11753523B2/en | F61: Comparative Example 3 | G61: FFKM | H61: TFE/PMVE/CNVE 59.4/40.1/0.5 mol | I61: nitrile_other | J61: 100 | K61: 0 | L61: 0 | M61: 0 | N61: 0 | O61: 0 | P61: 0 | Q61: 15 | R61: 0 | S61: 0 | T61: 0 | U61: 0.9 | V61: 0 | W61: 0 | X61: 0 | Y61: SiC (0.03 um, untreated) 15; NphAF 0.9 (2,2-bis[3-amino-4-(N-phenylamino)phenyl]hexafluoropropane) | Z61: 75 | AD61: 55 | AE61: 300C x 70h, AS-568A-214 O-ring (JIS K6262) | AF61: 1.51 | AG61: O2 plasma, ICP RIE-101iPH, 16 sccm, 400 W, 2.66 Pa, 30 min, 100C, P-24 O-ring | AH61: as reported (Shore A, %) | AI61: Table 1 (US11753523B2). Filler row assignment confirmed with the same table in continuation US12286523B2. CS 300C x 168h: 75%. NF3 plasma weight loss: 1.42%. Cure: press 180C x 30 min + oven (200-)290C x 18 h.
A62: US11753523B2 | B62: patent | C62: Daikin Industries, Ltd. | D62: Crosslinkable elastomer composition and fluororubber molded article | E62: https://patents.google.com/patent/US11753523B2/en | F62: Comparative Example 4 | G62: FFKM | H62: TFE/PMVE/CNVE 59.4/40.1/0.5 mol | I62: nitrile_triazine | J62: 100 | K62: 0 | L62: 0 | M62: 0 | N62: 0 | O62: 0 | P62: 0 | Q62: 15 | R62: 0 | S62: 0 | T62: 0 | U62: 0.4 | V62: 0 | W62: 0 | X62: 0 | Y62: SiC (0.03 um, untreated) 15; Si3N4 (0.03 um) 0.4 (triazine-cure catalyst) | Z62: 75 | AD62: 67 | AE62: 300C x 70h, AS-568A-214 O-ring (JIS K6262) | AF62: 1.54 | AG62: O2 plasma, ICP RIE-101iPH, 16 sccm, 400 W, 2.66 Pa, 30 min, 100C, P-24 O-ring | AH62: as reported (Shore A, %) | AI62: Table 1 (US11753523B2). Filler row assignment confirmed with the same table in continuation US12286523B2. CS 300C x 168h: 83%. NF3 plasma weight loss: 1.44%. Cure: press 180C x 30 min + oven (200-)290C x 18 h.
A63: US11753523B2 | B63: patent | C63: Daikin Industries, Ltd. | D63: Crosslinkable elastomer composition and fluororubber molded article | E63: https://patents.google.com/patent/US11753523B2/en | F63: Comparative Example 5 | G63: FFKM | H63: TFE/PMVE/CNVE 59.4/40.1/0.5 mol | I63: nitrile_triazine | J63: 100 | K63: 0 | L63: 0 | M63: 0 | N63: 0 | O63: 0 | P63: 0 | Q63: 20 | R63: 0 | S63: 0 | T63: 0 | U63: 0.4 | V63: 0 | W63: 0 | X63: 0 | Y63: SiC (0.03 um, untreated) 20; Si3N4 (0.03 um) 0.4 (triazine-cure catalyst) | Z63: 80 | AD63: 84 | AE63: 300C x 70h, AS-568A-214 O-ring (JIS K6262) | AF63: 1.15 | AG63: O2 plasma, ICP RIE-101iPH, 16 sccm, 400 W, 2.66 Pa, 30 min, 100C, P-24 O-ring | AH63: as reported (Shore A, %) | AI63: Table 1 (US11753523B2). Filler row assignment confirmed with the same table in continuation US12286523B2. CS 300C x 168h: n/r%. NF3 plasma weight loss: 1.39%. Cure: press 180C x 30 min + oven (200-)290C x 18 h.
A64: US11753523B2 | B64: patent | C64: Daikin Industries, Ltd. | D64: Crosslinkable elastomer composition and fluororubber molded article | E64: https://patents.google.com/patent/US11753523B2/en | F64: Comparative Example 6 | G64: FFKM | H64: TFE/PMVE/CNVE 59.4/40.1/0.5 mol | I64: nitrile_other | J64: 100 | K64: 0 | L64: 0 | M64: 0 | N64: 0 | O64: 0 | P64: 0 | Q64: 15 | R64: 0 | S64: 0 | T64: 0 | U64: 0.9 | V64: 0 | W64: 0 | X64: 0 | Y64: SiC (0.13 um, untreated) 15; NphAF 0.9 (2,2-bis[3-amino-4-(N-phenylamino)phenyl]hexafluoropropane) | Z64: 74 | AD64: 38 | AE64: 300C x 70h, AS-568A-214 O-ring (JIS K6262) | AF64: 1.71 | AG64: O2 plasma, ICP RIE-101iPH, 16 sccm, 400 W, 2.66 Pa, 30 min, 100C, P-24 O-ring | AH64: as reported (Shore A, %) | AI64: Table 1 (US11753523B2). Filler row assignment confirmed with the same table in continuation US12286523B2. CS 300C x 168h: n/r%. NF3 plasma weight loss: 1.62%. Cure: press 180C x 30 min + oven (200-)290C x 18 h.
A65: US11753523B2 | B65: patent | C65: Daikin Industries, Ltd. | D65: Crosslinkable elastomer composition and fluororubber molded article | E65: https://patents.google.com/patent/US11753523B2/en | F65: Comparative Example 7 | G65: FFKM | H65: TFE/PMVE/CNVE 59.4/40.1/0.5 mol | I65: nitrile_other | J65: 100 | K65: 0 | L65: 15 | M65: 0 | N65: 0 | O65: 0 | P65: 0 | Q65: 0 | R65: 0 | S65: 0 | T65: 0 | U65: 0.9 | V65: 0 | W65: 0 | X65: 0 | Y65: silicon oxide Aerosil 50 (0.03 um) 15; NphAF 0.9 (2,2-bis[3-amino-4-(N-phenylamino)phenyl]hexafluoropropane) | Z65: 74 | AD65: 70 | AE65: 300C x 70h, AS-568A-214 O-ring (JIS K6262) | AH65: as reported (Shore A, %) | AI65: Table 1 (US11753523B2). Filler type from text (CE7 = Aerosil 50; CE8/9 = RX50); amount 15 from table row. CS 300C x 168h: 85%. NF3 plasma weight loss: n/r%. Cure: press 180C x 30 min + oven (200-)290C x 18 h.
A66: US11753523B2 | B66: patent | C66: Daikin Industries, Ltd. | D66: Crosslinkable elastomer composition and fluororubber molded article | E66: https://patents.google.com/patent/US11753523B2/en | F66: Comparative Example 8 | G66: FFKM | H66: TFE/PMVE/CNVE 59.4/40.1/0.5 mol | I66: nitrile_other | J66: 100 | K66: 0 | L66: 15 | M66: 0 | N66: 0 | O66: 0 | P66: 0 | Q66: 0 | R66: 0 | S66: 0 | T66: 0 | U66: 0.9 | V66: 0 | W66: 0 | X66: 0 | Y66: surface-treated silicon oxide Aerosil RX50 (0.03 um) 15; NphAF 0.9 (2,2-bis[3-amino-4-(N-phenylamino)phenyl]hexafluoropropane) | Z66: 75 | AD66: 37 | AE66: 300C x 70h, AS-568A-214 O-ring (JIS K6262) | AF66: 1.4 | AG66: O2 plasma, ICP RIE-101iPH, 16 sccm, 400 W, 2.66 Pa, 30 min, 100C, P-24 O-ring | AH66: as reported (Shore A, %) | AI66: Table 1 (US11753523B2). Filler type from text (CE7 = Aerosil 50; CE8/9 = RX50); amount 15 from table row. CS 300C x 168h: 54%. NF3 plasma weight loss: 2.1%. Cure: press 180C x 30 min + oven (200-)290C x 18 h.
A67: US11753523B2 | B67: patent | C67: Daikin Industries, Ltd. | D67: Crosslinkable elastomer composition and fluororubber molded article | E67: https://patents.google.com/patent/US11753523B2/en | F67: Comparative Example 9 | G67: FFKM | H67: TFE/PMVE/CNVE 59.4/40.1/0.5 mol | I67: nitrile_triazine | J67: 100 | K67: 0 | L67: 15 | M67: 0 | N67: 0 | O67: 0 | P67: 0 | Q67: 0 | R67: 0 | S67: 0 | T67: 0 | U67: 0.4 | V67: 0 | W67: 0 | X67: 0 | Y67: surface-treated silicon oxide Aerosil RX50 (0.03 um) 15; Si3N4 (0.03 um) 0.4 (triazine-cure catalyst) | Z67: 75 | AD67: 33 | AE67: 300C x 70h, AS-568A-214 O-ring (JIS K6262) | AF67: 1.38 | AG67: O2 plasma, ICP RIE-101iPH, 16 sccm, 400 W, 2.66 Pa, 30 min, 100C, P-24 O-ring | AH67: as reported (Shore A, %) | AI67: Table 1 (US11753523B2). Filler type from text (CE7 = Aerosil 50; CE8/9 = RX50); amount 15 from table row. CS 300C x 168h: 46%. NF3 plasma weight loss: 2.17%. Cure: press 180C x 30 min + oven (200-)290C x 18 h.
A68: US11753523B2 | B68: patent | C68: Daikin Industries, Ltd. | D68: Crosslinkable elastomer composition and fluororubber molded article | E68: https://patents.google.com/patent/US11753523B2/en | F68: Comparative Example 10 | G68: FFKM | H68: TFE/PMVE/CNVE 59.4/40.1/0.5 mol | I68: nitrile_other | J68: 100 | K68: 0 | L68: 0 | M68: 0 | N68: 0 | O68: 0 | P68: 0 | Q68: 0 | R68: 0 | S68: 0 | T68: 0 | U68: 0.9 | V68: 0 | W68: 0 | X68: 0 | Y68: no filler; NphAF 0.9 (2,2-bis[3-amino-4-(N-phenylamino)phenyl]hexafluoropropane) | Z68: 60 | AD68: 34 | AE68: 300C x 70h, AS-568A-214 O-ring (JIS K6262) | AF68: 3.01 | AG68: O2 plasma, ICP RIE-101iPH, 16 sccm, 400 W, 2.66 Pa, 30 min, 100C, P-24 O-ring | AH68: as reported (Shore A, %) | AI68: Table 1 (US11753523B2). No filler amount listed in table for CE10 (blank). CS 300C x 168h: 45%. NF3 plasma weight loss: 2.73%. Cure: press 180C x 30 min + oven (200-)290C x 18 h.
A69: US11072700B2 | B69: patent | C69: Daikin Industries, Ltd. | D69: Composition comprising fluoropolymer and molded article | E69: https://patents.google.com/patent/US11072700B2/en | F69: Example 1 | G69: FFKM | H69: TFE/PMVE/cyano-group monomer 59.4/40.1/0.5 mol (Daikin) | I69: nitrile_triazine | J69: 100 | K69: 0 | L69: 0 | M69: 0 | N69: 0 | O69: 0 | P69: 0 | Q69: 0 | R69: 0 | S69: 0 | T69: 0 | U69: 1 | V69: 0 | W69: 0 | X69: 0 | Y69: composite particles (Si3N4 30 nm dispersed in polystyrene, Prep. Ex. 1) 1.0 | Z69: 58 | AA69: 14.5 | AB69: 320 | AC69: 1.2 | AH69: MPa; hardness Shore A peak | AI69: Formulation from text; props Table 2 (2 mm sheet, JIS K6251). Hardness after 3 s: 52. nitrile_curative = composite particles and/or Si3N4 plus diamine crosslinker (sum). Cure: press 180C x 30 min + oven 200C x 12 h, 250C x 3 h, 290C x 3 h. No compression set reported.
A70: US11072700B2 | B70: patent | C70: Daikin Industries, Ltd. | D70: Composition comprising fluoropolymer and molded article | E70: https://patents.google.com/patent/US11072700B2/en | F70: Example 2 | G70: FFKM | H70: TFE/PMVE/cyano-group monomer 59.4/40.1/0.5 mol (Daikin) | I70: nitrile_other | J70: 100 | K70: 0 | L70: 0 | M70: 0 | N70: 0 | O70: 0 | P70: 0 | Q70: 0 | R70: 0 | S70: 0 | T70: 0 | U70: 1.8 | V70: 0 | W70: 0 | X70: 0 | Y70: composite particles (Si3N4/polystyrene) 1.0 + bis-diamine crosslinker 4,4'-[2,2,2-trifluoro-1-(trifluoromethyl)ethylidene]bis[N1-phenyl-1,2-benzenediamine] 0.8 | Z70: 60 | AA70: 14.4 | AB70: 290 | AC70: 1.4 | AH70: MPa; hardness Shore A peak | AI70: Formulation from text; props Table 2 (2 mm sheet, JIS K6251). Hardness after 3 s: 53. nitrile_curative = composite particles and/or Si3N4 plus diamine crosslinker (sum). Cure: press 180C x 30 min + oven 200C x 12 h, 250C x 3 h, 290C x 3 h. No compression set reported.
A71: US11072700B2 | B71: patent | C71: Daikin Industries, Ltd. | D71: Composition comprising fluoropolymer and molded article | E71: https://patents.google.com/patent/US11072700B2/en | F71: Comparative Example 1 | G71: FFKM | H71: TFE/PMVE/cyano-group monomer 59.4/40.1/0.5 mol (Daikin) | I71: nitrile_triazine | J71: 100 | K71: 0 | L71: 0 | M71: 0 | N71: 0 | O71: 0 | P71: 0 | Q71: 0 | R71: 0 | S71: 0 | T71: 0 | U71: 0.25 | V71: 0 | W71: 0 | X71: 0 | Y71: Si3N4 SN-A00 (30 nm) 0.25 | Z71: 58 | AA71: 13.5 | AB71: 300 | AC71: 1.2 | AH71: MPa; hardness Shore A peak | AI71: Formulation from text; props Table 2 (2 mm sheet, JIS K6251). Hardness after 3 s: 53. nitrile_curative = composite particles and/or Si3N4 plus diamine crosslinker (sum). Cure: press 180C x 30 min + oven 200C x 12 h, 250C x 3 h, 290C x 3 h. No compression set reported.
A72: US11072700B2 | B72: patent | C72: Daikin Industries, Ltd. | D72: Composition comprising fluoropolymer and molded article | E72: https://patents.google.com/patent/US11072700B2/en | F72: Comparative Example 2 | G72: FFKM | H72: TFE/PMVE/cyano-group monomer 59.4/40.1/0.5 mol (Daikin) | I72: nitrile_other | J72: 100 | K72: 0 | L72: 0 | M72: 0 | N72: 0 | O72: 0 | P72: 0 | Q72: 0 | R72: 0 | S72: 0 | T72: 0 | U72: 1.05 | V72: 0 | W72: 0 | X72: 0 | Y72: Si3N4 SN-A00 0.25 + bis-diamine crosslinker 4,4'-[2,2,2-trifluoro-1-(trifluoromethyl)ethylidene]bis[N1-phenyl-1,2-benzenediamine] 0.8 | Z72: 60 | AA72: 10.4 | AB72: 270 | AC72: 1.3 | AH72: MPa; hardness Shore A peak | AI72: Formulation from text; props Table 2 (2 mm sheet, JIS K6251). Hardness after 3 s: 53. nitrile_curative = composite particles and/or Si3N4 plus diamine crosslinker (sum). Cure: press 180C x 30 min + oven 200C x 12 h, 250C x 3 h, 290C x 3 h. No compression set reported.
A73: US11072700B2 | B73: patent | C73: Daikin Industries, Ltd. | D73: Composition comprising fluoropolymer and molded article | E73: https://patents.google.com/patent/US11072700B2/en | F73: Example 3 | G73: FFKM | H73: TFE/PMVE/cyano-group monomer 59.4/40.1/0.5 mol (Daikin) | I73: nitrile_triazine | J73: 100 | K73: 23 | L73: 0 | M73: 0 | N73: 0 | O73: 0 | P73: 0 | Q73: 0 | R73: 0 | S73: 0 | T73: 0 | U73: 0.5 | V73: 0 | W73: 0 | X73: 0 | Y73: composite particles (Si3N4 30 nm in PMMA, Prep. Ex. 2) 0.5; carbon Thermax N990 23 | Z73: 74 | AA73: 18.9 | AB73: 185 | AC73: 7 | AH73: MPa; hardness Shore A peak | AI73: Formulation from text; props Table 4 (2 mm sheet, JIS K6251). Hardness after 3 s: 67. nitrile_curative = composite particles and/or Si3N4 plus diamine crosslinker (sum). Cure: press 180C x 30 min + oven 200C x 12 h, 250C x 3 h, 290C x 3 h. No compression set reported.
A74: US11072700B2 | B74: patent | C74: Daikin Industries, Ltd. | D74: Composition comprising fluoropolymer and molded article | E74: https://patents.google.com/patent/US11072700B2/en | F74: Comparative Example 3 | G74: FFKM | H74: TFE/PMVE/cyano-group monomer 59.4/40.1/0.5 mol (Daikin) | I74: nitrile_triazine | J74: 100 | K74: 23 | L74: 0 | M74: 0 | N74: 0 | O74: 0 | P74: 0 | Q74: 0 | R74: 0 | S74: 0 | T74: 0 | U74: 0.25 | V74: 0 | W74: 0 | X74: 0 | Y74: Si3N4 SN-A00 0.25; carbon Thermax N990 23 | Z74: 74 | AA74: 19.9 | AB74: 180 | AC74: 7.4 | AH74: MPa; hardness Shore A peak | AI74: Formulation from text; props Table 4 (2 mm sheet, JIS K6251). Hardness after 3 s: 68. nitrile_curative = composite particles and/or Si3N4 plus diamine crosslinker (sum). Cure: press 180C x 30 min + oven 200C x 12 h, 250C x 3 h, 290C x 3 h. No compression set reported.
A75: US12091537B2 | B75: patent | C75: Daikin Industries, Ltd. | D75: Composition and molded article containing fluorine-containing polymer | E75: https://patents.google.com/patent/US12091537B2/en | F75: Example 1 | G75: FFKM | H75: TFE/PMVE/cyano-group monomer 59.4/40.1/0.5 mol | I75: nitrile_other | J75: 100 | K75: 23 | L75: 0 | M75: 0 | N75: 0 | O75: 0 | P75: 0 | Q75: 0 | R75: 0 | S75: 0 | T75: 0 | U75: 1.3 | V75: 0 | W75: 0 | X75: 0 | Y75: composite particle Prep. Ex. 1 (Si3N4 in MMA/methacrylic acid polymer, MMA 38.8 ml/MAA 3.5 ml, Si3N4 62 wt%) 0.5; bis-diamine crosslinker 4,4'-[2,2,2-trifluoro-1-(trifluoromethyl)ethylidene]bis[N1-phenyl-1,2-benzenediamine] 0.8; carbon black (0.3 um) 23 | Z75: 79 | AA75: 19.6 | AB75: 190 | AC75: 8.4 | AH75: MPa; hardness Shore A peak | AI75: Formulation from text; props Table 3 (2 mm sheet, JIS K6251). nitrile_curative = composite particle (or Si3N4) + diamine crosslinker 0.8 (sum). Cure: press 180C x 30 min + oven 200C x 12 h, 250C x 3 h, 290C x 3 h. No compression set reported.
A76: US12091537B2 | B76: patent | C76: Daikin Industries, Ltd. | D76: Composition and molded article containing fluorine-containing polymer | E76: https://patents.google.com/patent/US12091537B2/en | F76: Example 2 | G76: FFKM | H76: TFE/PMVE/cyano-group monomer 59.4/40.1/0.5 mol | I76: nitrile_other | J76: 100 | K76: 23 | L76: 0 | M76: 0 | N76: 0 | O76: 0 | P76: 0 | Q76: 0 | R76: 0 | S76: 0 | T76: 0 | U76: 1.3 | V76: 0 | W76: 0 | X76: 0 | Y76: composite particle Prep. Ex. 2 (MMA 31.1 ml/MAA 10.7 ml, Si3N4 58 wt%) 0.5; bis-diamine crosslinker 4,4'-[2,2,2-trifluoro-1-(trifluoromethyl)ethylidene]bis[N1-phenyl-1,2-benzenediamine] 0.8; carbon black (0.3 um) 23 | Z76: 78 | AA76: 19.1 | AB76: 210 | AC76: 8.5 | AH76: MPa; hardness Shore A peak | AI76: Formulation from text; props Table 3 (2 mm sheet, JIS K6251). nitrile_curative = composite particle (or Si3N4) + diamine crosslinker 0.8 (sum). Cure: press 180C x 30 min + oven 200C x 12 h, 250C x 3 h, 290C x 3 h. No compression set reported.
A77: US12091537B2 | B77: patent | C77: Daikin Industries, Ltd. | D77: Composition and molded article containing fluorine-containing polymer | E77: https://patents.google.com/patent/US12091537B2/en | F77: Example 3 | G77: FFKM | H77: TFE/PMVE/cyano-group monomer 59.4/40.1/0.5 mol | I77: nitrile_other | J77: 100 | K77: 23 | L77: 0 | M77: 0 | N77: 0 | O77: 0 | P77: 0 | Q77: 0 | R77: 0 | S77: 0 | T77: 0 | U77: 1.3 | V77: 0 | W77: 0 | X77: 0 | Y77: composite particle Prep. Ex. 3 (MMA 21.6 ml/MAA 17.3 ml, Si3N4 60 wt%) 0.5; bis-diamine crosslinker 4,4'-[2,2,2-trifluoro-1-(trifluoromethyl)ethylidene]bis[N1-phenyl-1,2-benzenediamine] 0.8; carbon black (0.3 um) 23 | Z77: 79 | AA77: 19.3 | AB77: 190 | AC77: 9 | AH77: MPa; hardness Shore A peak | AI77: Formulation from text; props Table 3 (2 mm sheet, JIS K6251). nitrile_curative = composite particle (or Si3N4) + diamine crosslinker 0.8 (sum). Cure: press 180C x 30 min + oven 200C x 12 h, 250C x 3 h, 290C x 3 h. No compression set reported.
A78: US12091537B2 | B78: patent | C78: Daikin Industries, Ltd. | D78: Composition and molded article containing fluorine-containing polymer | E78: https://patents.google.com/patent/US12091537B2/en | F78: Example 4 | G78: FFKM | H78: TFE/PMVE/cyano-group monomer 59.4/40.1/0.5 mol | I78: nitrile_other | J78: 100 | K78: 23 | L78: 0 | M78: 0 | N78: 0 | O78: 0 | P78: 0 | Q78: 0 | R78: 0 | S78: 0 | T78: 0 | U78: 1.3 | V78: 0 | W78: 0 | X78: 0 | Y78: composite particle Prep. Ex. 4 (MMA 13.0 ml/MAA 24.2 ml, Si3N4 62 wt%) 0.5; bis-diamine crosslinker 4,4'-[2,2,2-trifluoro-1-(trifluoromethyl)ethylidene]bis[N1-phenyl-1,2-benzenediamine] 0.8; carbon black (0.3 um) 23 | Z78: 79 | AA78: 18.2 | AB78: 210 | AC78: 7.9 | AH78: MPa; hardness Shore A peak | AI78: Formulation from text; props Table 3 (2 mm sheet, JIS K6251). nitrile_curative = composite particle (or Si3N4) + diamine crosslinker 0.8 (sum). Cure: press 180C x 30 min + oven 200C x 12 h, 250C x 3 h, 290C x 3 h. No compression set reported.
A79: US12091537B2 | B79: patent | C79: Daikin Industries, Ltd. | D79: Composition and molded article containing fluorine-containing polymer | E79: https://patents.google.com/patent/US12091537B2/en | F79: Example 5 | G79: FFKM | H79: TFE/PMVE/cyano-group monomer 59.4/40.1/0.5 mol | I79: nitrile_other | J79: 100 | K79: 23 | L79: 0 | M79: 0 | N79: 0 | O79: 0 | P79: 0 | Q79: 0 | R79: 0 | S79: 0 | T79: 0 | U79: 1.3 | V79: 0 | W79: 0 | X79: 0 | Y79: composite particle Prep. Ex. 5 (MAA only 34.5 ml, Si3N4 60 wt%) 0.5; bis-diamine crosslinker 4,4'-[2,2,2-trifluoro-1-(trifluoromethyl)ethylidene]bis[N1-phenyl-1,2-benzenediamine] 0.8; carbon black (0.3 um) 23 | Z79: 79 | AA79: 19.4 | AB79: 200 | AC79: 8.2 | AH79: MPa; hardness Shore A peak | AI79: Formulation from text; props Table 3 (2 mm sheet, JIS K6251). nitrile_curative = composite particle (or Si3N4) + diamine crosslinker 0.8 (sum). Cure: press 180C x 30 min + oven 200C x 12 h, 250C x 3 h, 290C x 3 h. No compression set reported.
A80: US12091537B2 | B80: patent | C80: Daikin Industries, Ltd. | D80: Composition and molded article containing fluorine-containing polymer | E80: https://patents.google.com/patent/US12091537B2/en | F80: Comparative Example 1 | G80: FFKM | H80: TFE/PMVE/cyano-group monomer 59.4/40.1/0.5 mol | I80: nitrile_other | J80: 100 | K80: 23 | L80: 0 | M80: 0 | N80: 0 | O80: 0 | P80: 0 | Q80: 0 | R80: 0 | S80: 0 | T80: 0 | U80: 1.3 | V80: 0 | W80: 0 | X80: 0 | Y80: composite particle Prep. Ex. 6 (PMMA only 43.2 ml, Si3N4 57 wt%) 0.5; bis-diamine crosslinker 4,4'-[2,2,2-trifluoro-1-(trifluoromethyl)ethylidene]bis[N1-phenyl-1,2-benzenediamine] 0.8; carbon black (0.3 um) 23 | Z80: 79 | AA80: 19.9 | AB80: 200 | AC80: 8.9 | AH80: MPa; hardness Shore A peak | AI80: Formulation from text; props Table 3 (2 mm sheet, JIS K6251). nitrile_curative = composite particle (or Si3N4) + diamine crosslinker 0.8 (sum). Cure: press 180C x 30 min + oven 200C x 12 h, 250C x 3 h, 290C x 3 h. No compression set reported.
... A86: US8367776B2 | B86: patent | C86: Daikin Industries Ltd; Greene Tweed of Delaware Inc | D86: Perfluoroelastomer compositions and methods of preparing same | E86: https://patents.google.com/patent/US8367776B2/en | F86: Comparative Example 2 | G86: FFKM | H86: Perfluoroelastomer (2) TFE/PMVE/CF2=CFO(CF2)5CN 69.4/30.2/0.43 mol% | I86: nitrile_other | J86: 100 | K86: 0 | L86: 0 | M86: 0 | N86: 0 | O86: 0 | P86: 0 | Q86: 0 | R86: 0 | S86: 0 | T86: 0 | U86: 1 | V86: 0 | W86: 0 | X86: 0 | Y86: NPh-AF curative (bis-N-phenyl-o-phenylenediamine AF); no filler | Z86: 78 | AA86: 20.8 | AB86: 225 | AC86: 3.2 | AH86: MPa; Shore A (JIS K6301) | AI86: Table 2. NPh-AF = 4,4'-[2,2,2-trifluoro-1-(trifluoromethyl)ethylidene]bis[N1-phenyl-1,2-benzenediamine]. Press 180C x 20 min + oven 290C x 18 h; P-24 O-ring / 2 mm sheet; unfilled.
A87: US8367776B2 | B87: patent | C87: Daikin Industries Ltd; Greene Tweed of Delaware Inc | D87: Perfluoroelastomer compositions and methods of preparing same | E87: https://patents.google.com/patent/US8367776B2/en | F87: Example 4 | G87: FFKM | H87: Daikin Polymer B/Polymer A blend 50/50 (TFE/PMVE + cyano cure site) | I87: nitrile_other | J87: 100 | K87: 0 | L87: 0 | M87: 0 | N87: 0 | O87: 0 | P87: 0 | Q87: 0 | R87: 0 | S87: 0 | T87: 0 | U87: 0.7 | V87: 0 | W87: 0 | X87: 0 | Y87: NPh-AF curative; no filler | Z87: 63.5 | AA87: 6.51 | AB87: 271 | AC87: 1.33 | AD87: 21.2 | AE87: 300C x 70h, O-ring, ASTM D1414/D395 | AF87: 2.82 | AG87: O2 direct ICP, 400 W, 16 sccm, 10 Pa, 30 min | AH87: psi (MPa given in parentheses, used as printed); Shore A ASTM D2240 | AI87: Table 3. Daikin Polymer A (TFE/PMVE 60/40 mol, 0.6 mol% cyano CSM) / Polymer B (TFE/PMVE 70/30 mol, 0.6 mol% cyano CSM) weight ratio B:A = 50:50. Cure 182C x 30 min, postcure 290C x 18 h. Shore M = 71. TB 944 psi, M100 193 psi (MPa values as printed). CS 300C/168h = 33.5. Other plasma % loss: NF3 remote 6h/220C 0.023; O2+CF4 direct ICP 30 min 2.98; RIE O2 90 min 3.453.
A88: US8367776B2 | B88: patent | C88: Daikin Industries Ltd; Greene Tweed of Delaware Inc | D88: Perfluoroelastomer compositions and methods of preparing same | E88: https://patents.google.com/patent/US8367776B2/en | F88: Example 5 | G88: FFKM | H88: Daikin Polymer B/Polymer A blend 50/50 (TFE/PMVE + cyano cure site) | I88: nitrile_other | J88: 100 | K88: 0 | L88: 0 | M88: 0 | N88: 0 | O88: 0 | P88: 0 | Q88: 0 | R88: 0 | S88: 0 | T88: 0 | U88: 0.8 | V88: 0 | W88: 0 | X88: 0 | Y88: NPh-AF curative; no filler | Z88: 64 | AA88: 7.23 | AB88: 262 | AC88: 1.49 | AD88: 19.7 | AE88: 300C x 70h, O-ring, ASTM D1414/D395 | AF88: 2.94 | AG88: O2 direct ICP, 400 W, 16 sccm, 10 Pa, 30 min | AH88: psi (MPa given in parentheses, used as printed); Shore A ASTM D2240 | AI88: Table 3. Daikin Polymer A (TFE/PMVE 60/40 mol, 0.6 mol% cyano CSM) / Polymer B (TFE/PMVE 70/30 mol, 0.6 mol% cyano CSM) weight ratio B:A = 50:50. Cure 182C x 30 min, postcure 290C x 18 h. Shore M = 71.5. TB 1049 psi, M100 216 psi (MPa values as printed). CS 300C/168h = 30.9. Other plasma % loss: NF3 remote 6h/220C 0.022; O2+CF4 direct ICP 30 min 2.89; RIE O2 90 min 3.288.
A89: US8367776B2 | B89: patent | C89: Daikin Industries Ltd; Greene Tweed of Delaware Inc | D89: Perfluoroelastomer compositions and methods of preparing same | E89: https://patents.google.com/patent/US8367776B2/en | F89: Example 6 | G89: FFKM | H89: Daikin Polymer B/Polymer A blend 50/50 (TFE/PMVE + cyano cure site) | I89: nitrile_other | J89: 100 | K89: 0 | L89: 0 | M89: 0 | N89: 0 | O89: 0 | P89: 0 | Q89: 0 | R89: 0 | S89: 0 | T89: 0 | U89: 0.9 | V89: 0 | W89: 0 | X89: 0 | Y89: NPh-AF curative; no filler | Z89: 64.5 | AA89: 6.74 | AB89: 261 | AC89: 1.38 | AD89: 17.3 | AE89: 300C x 70h, O-ring, ASTM D1414/D395 | AF89: 2.87 | AG89: O2 direct ICP, 400 W, 16 sccm, 10 Pa, 30 min | AH89: psi (MPa given in parentheses, used as printed); Shore A ASTM D2240 | AI89: Table 3. Daikin Polymer A (TFE/PMVE 60/40 mol, 0.6 mol% cyano CSM) / Polymer B (TFE/PMVE 70/30 mol, 0.6 mol% cyano CSM) weight ratio B:A = 50:50. Cure 182C x 30 min, postcure 290C x 18 h. Shore M = 71.5. TB 978 psi, M100 200 psi (MPa values as printed). CS 300C/168h = 29.4. Other plasma % loss: NF3 remote 6h/220C -0.024; O2+CF4 direct ICP 30 min 2.93; RIE O2 90 min 3.006.
A90: US8367776B2 | B90: patent | C90: Daikin Industries Ltd; Greene Tweed of Delaware Inc | D90: Perfluoroelastomer compositions and methods of preparing same | E90: https://patents.google.com/patent/US8367776B2/en | F90: Example 7 | G90: FFKM | H90: Daikin Polymer B/Polymer A blend 65/35 (TFE/PMVE + cyano cure site) | I90: nitrile_other | J90: 100 | K90: 0 | L90: 0 | M90: 0 | N90: 0 | O90: 0 | P90: 0 | Q90: 0 | R90: 0 | S90: 0 | T90: 0 | U90: 0.7 | V90: 0 | W90: 0 | X90: 0 | Y90: NPh-AF curative; no filler | Z90: 65 | AA90: 9.57 | AB90: 263 | AC90: 1.67 | AD90: 20.3 | AE90: 300C x 70h, O-ring, ASTM D1414/D395 | AF90: 2.72 | AG90: O2 direct ICP, 400 W, 16 sccm, 10 Pa, 30 min | AH90: psi (MPa given in parentheses, used as printed); Shore A ASTM D2240 | AI90: Table 3. Daikin Polymer A (TFE/PMVE 60/40 mol, 0.6 mol% cyano CSM) / Polymer B (TFE/PMVE 70/30 mol, 0.6 mol% cyano CSM) weight ratio B:A = 65:35. Cure 182C x 30 min, postcure 290C x 18 h. Shore M = 72.5. TB 1388 psi, M100 242 psi (MPa values as printed). CS 300C/168h = 27.6. Other plasma % loss: NF3 remote 6h/220C 0.108; O2+CF4 direct ICP 30 min 2.92; RIE O2 90 min 3.076.
A91: US8367776B2 | B91: patent | C91: Daikin Industries Ltd; Greene Tweed of Delaware Inc | D91: Perfluoroelastomer compositions and methods of preparing same | E91: https://patents.google.com/patent/US8367776B2/en | F91: Example 8 | G91: FFKM | H91: Daikin Polymer B/Polymer A blend 65/35 (TFE/PMVE + cyano cure site) | I91: nitrile_other | J91: 100 | K91: 0 | L91: 0 | M91: 0 | N91: 0 | O91: 0 | P91: 0 | Q91: 0 | R91: 0 | S91: 0 | T91: 0 | U91: 0.8 | V91: 0 | W91: 0 | X91: 0 | Y91: NPh-AF curative; no filler | Z91: 65.5 | AA91: 7.79 | AB91: 258 | AC91: 1.63 | AD91: 20.3 | AE91: 300C x 70h, O-ring, ASTM D1414/D395 | AF91: 2.84 | AG91: O2 direct ICP, 400 W, 16 sccm, 10 Pa, 30 min | AH91: psi (MPa given in parentheses, used as printed); Shore A ASTM D2240 | AI91: Table 3. Daikin Polymer A (TFE/PMVE 60/40 mol, 0.6 mol% cyano CSM) / Polymer B (TFE/PMVE 70/30 mol, 0.6 mol% cyano CSM) weight ratio B:A = 65:35. Cure 182C x 30 min, postcure 290C x 18 h. Shore M = 72.5. TB 1130 psi, M100 236 psi (MPa values as printed). CS 300C/168h = 33.5. Other plasma % loss: NF3 remote 6h/220C 0.116; O2+CF4 direct ICP 30 min 2.98; RIE O2 90 min 2.609.
A92: US8367776B2 | B92: patent | C92: Daikin Industries Ltd; Greene Tweed of Delaware Inc | D92: Perfluoroelastomer compositions and methods of preparing same | E92: https://patents.google.com/patent/US8367776B2/en | F92: Example 9 | G92: FFKM | H92: Daikin Polymer B/Polymer A blend 65/35 (TFE/PMVE + cyano cure site) | I92: nitrile_other | J92: 100 | K92: 0 | L92: 0 | M92: 0 | N92: 0 | O92: 0 | P92: 0 | Q92: 0 | R92: 0 | S92: 0 | T92: 0 | U92: 0.9 | V92: 0 | W92: 0 | X92: 0 | Y92: NPh-AF curative; no filler | Z92: 66.5 | AA92: 9.45 | AB92: 260 | AC92: 1.72 | AD92: 17.4 | AE92: 300C x 70h, O-ring, ASTM D1414/D395 | AF92: 2.95 | AG92: O2 direct ICP, 400 W, 16 sccm, 10 Pa, 30 min | AH92: psi (MPa given in parentheses, used as printed); Shore A ASTM D2240 | AI92: Table 3. Daikin Polymer A (TFE/PMVE 60/40 mol, 0.6 mol% cyano CSM) / Polymer B (TFE/PMVE 70/30 mol, 0.6 mol% cyano CSM) weight ratio B:A = 65:35. Cure 182C x 30 min, postcure 290C x 18 h. Shore M = 73. TB 1370 psi, M100 250 psi (MPa values as printed). CS 300C/168h = 30.0. Other plasma % loss: NF3 remote 6h/220C 0.069; O2+CF4 direct ICP 30 min 2.91; RIE O2 90 min 3.234.
A93: US8367776B2 | B93: patent | C93: Daikin Industries Ltd; Greene Tweed of Delaware Inc | D93: Perfluoroelastomer compositions and methods of preparing same | E93: https://patents.google.com/patent/US8367776B2/en | F93: Example 10 | G93: FFKM | H93: Daikin Polymer B/Polymer A blend 35/65 (TFE/PMVE + cyano cure site) | I93: nitrile_other | J93: 100 | K93: 0 | L93: 0 | M93: 0 | N93: 0 | O93: 0 | P93: 0 | Q93: 0 | R93: 0 | S93: 0 | T93: 0 | U93: 0.7 | V93: 0 | W93: 0 | X93: 0 | Y93: NPh-AF curative; no filler | Z93: 61.5 | AA93: 5.84 | AB93: 270 | AC93: 1.27 | AD93: 17.7 | AE93: 300C x 70h, O-ring, ASTM D1414/D395 | AF93: 2.97 | AG93: O2 direct ICP, 400 W, 16 sccm, 10 Pa, 30 min | AH93: psi (MPa given in parentheses, used as printed); Shore A ASTM D2240 | AI93: Table 3. Daikin Polymer A (TFE/PMVE 60/40 mol, 0.6 mol% cyano CSM) / Polymer B (TFE/PMVE 70/30 mol, 0.6 mol% cyano CSM) weight ratio B:A = 35:65. Cure 182C x 30 min, postcure 290C x 18 h. Shore M = 70. TB 847 psi, M100 184 psi (MPa values as printed). CS 300C/168h = 35.0. Other plasma % loss: NF3 remote 6h/220C 0.07; O2+CF4 direct ICP 30 min 2.95; RIE O2 90 min 3.235.
A94: US8367776B2 | B94: patent | C94: Daikin Industries Ltd; Greene Tweed of Delaware Inc | D94: Perfluoroelastomer compositions and methods of preparing same | E94: https://patents.google.com/patent/US8367776B2/en | F94: Example 11 | G94: FFKM | H94: Daikin Polymer B/Polymer A blend 35/65 (TFE/PMVE + cyano cure site) | I94: nitrile_other | J94: 100 | K94: 0 | L94: 0 | M94: 0 | N94: 0 | O94: 0 | P94: 0 | Q94: 0 | R94: 0 | S94: 0 | T94: 0 | U94: 0.8 | V94: 0 | W94: 0 | X94: 0 | Y94: NPh-AF curative; no filler | Z94: 62 | AA94: 6.43 | AB94: 262 | AC94: 1.37 | AD94: 18.5 | AE94: 300C x 70h, O-ring, ASTM D1414/D395 | AF94: 3.07 | AG94: O2 direct ICP, 400 W, 16 sccm, 10 Pa, 30 min | AH94: psi (MPa given in parentheses, used as printed); Shore A ASTM D2240 | AI94: Table 3. Daikin Polymer A (TFE/PMVE 60/40 mol, 0.6 mol% cyano CSM) / Polymer B (TFE/PMVE 70/30 mol, 0.6 mol% cyano CSM) weight ratio B:A = 35:65. Cure 182C x 30 min, postcure 290C x 18 h. Shore M = 70. TB 933 psi, M100 198 psi (MPa values as printed). CS 300C/168h = 25.2. Other plasma % loss: NF3 remote 6h/220C -0.022; O2+CF4 direct ICP 30 min 3.29; RIE O2 90 min 3.331.
A95: US8367776B2 | B95: patent | C95: Daikin Industries Ltd; Greene Tweed of Delaware Inc | D95: Perfluoroelastomer compositions and methods of preparing same | E95: https://patents.google.com/patent/US8367776B2/en | F95: Example 12 | G95: FFKM | H95: Daikin Polymer B/Polymer A blend 35/65 (TFE/PMVE + cyano cure site) | I95: nitrile_other | J95: 100 | K95: 0 | L95: 0 | M95: 0 | N95: 0 | O95: 0 | P95: 0 | Q95: 0 | R95: 0 | S95: 0 | T95: 0 | U95: 0.9 | V95: 0 | W95: 0 | X95: 0 | Y95: NPh-AF curative; no filler | Z95: 62.5 | AA95: 6.16 | AB95: 249 | AC95: 1.5 | AD95: 17.1 | AE95: 300C x 70h, O-ring, ASTM D1414/D395 | AF95: 2.84 | AG95: O2 direct ICP, 400 W, 16 sccm, 10 Pa, 30 min | AH95: psi (MPa given in parentheses, used as printed); Shore A ASTM D2240 | AI95: Table 3. Daikin Polymer A (TFE/PMVE 60/40 mol, 0.6 mol% cyano CSM) / Polymer B (TFE/PMVE 70/30 mol, 0.6 mol% cyano CSM) weight ratio B:A = 35:65. Cure 182C x 30 min, postcure 290C x 18 h. Shore M = 70. TB 894 psi, M100 217 psi (MPa values as printed). CS 300C/168h = 31.4. Other plasma % loss: NF3 remote 6h/220C 0.046; O2+CF4 direct ICP 30 min 2.91; RIE O2 90 min 3.413.
A96: US8367776B2 | B96: patent | C96: Daikin Industries Ltd; Greene Tweed of Delaware Inc | D96: Perfluoroelastomer compositions and methods of preparing same | E96: https://patents.google.com/patent/US8367776B2/en | F96: Example 13 | G96: FFKM | H96: Daikin Polymer B/Polymer A blend 50/50 (TFE/PMVE + cyano cure site) | I96: nitrile_other | J96: 100 | K96: 0 | L96: 0 | M96: 0 | N96: 0 | O96: 0 | P96: 0 | Q96: 0 | R96: 0 | S96: 0 | T96: 0 | U96: 0.9 | V96: 0 | W96: 0 | X96: 0 | Y96: NPh-AF curative; no filler | Z96: 65.5 | AA96: 7.61 | AB96: 256 | AC96: 1.59 | AD96: 17.1 | AE96: 300C x 70h, O-ring, ASTM D1414/D395 | AF96: 2.8 | AG96: O2 direct ICP, 400 W, 16 sccm, 10 Pa, 30 min | AH96: psi (MPa given in parentheses, used as printed); Shore A ASTM D2240 | AI96: Table 3. Daikin Polymer A (TFE/PMVE 60/40 mol, 0.6 mol% cyano CSM) / Polymer B (TFE/PMVE 70/30 mol, 0.6 mol% cyano CSM) weight ratio B:A = 50:50. Cure 182C x 30 min, postcure 290C x 18 h. Shore M = 71.5. TB 1103 psi, M100 231 psi (MPa values as printed). CS 300C/168h = 31.6. Other plasma % loss: NF3 remote 6h/220C 0.0; O2+CF4 direct ICP 30 min 2.95; RIE O2 90 min 3.377. NPh-AF added via master batch (Polymer A 100 + NPh-AF 6.8 phr) diluted to formulation.
A97: US8367776B2 | B97: patent | C97: Daikin Industries Ltd; Greene Tweed of Delaware Inc | D97: Perfluoroelastomer compositions and methods of preparing same | E97: https://patents.google.com/patent/US8367776B2/en | F97: Example 14 | G97: FFKM | H97: Daikin Polymer B/Polymer A blend 50/50 (TFE/PMVE + cyano cure site) | I97: nitrile_other | J97: 100 | K97: 0 | L97: 0 | M97: 0 | N97: 0 | O97: 0 | P97: 0 | Q97: 0 | R97: 0 | S97: 0 | T97: 0 | U97: 0.9 | V97: 0 | W97: 0 | X97: 0 | Y97: NPh-AF curative; no filler | Z97: 63.5 | AA97: 7.26 | AB97: 261 | AC97: 1.5 | AD97: 17.7 | AE97: 300C x 70h, O-ring, ASTM D1414/D395 | AF97: 2.77 | AG97: O2 direct ICP, 400 W, 16 sccm, 10 Pa, 30 min | AH97: psi (MPa given in parentheses, used as printed); Shore A ASTM D2240 | AI97: Table 3. Daikin Polymer A (TFE/PMVE 60/40 mol, 0.6 mol% cyano CSM) / Polymer B (TFE/PMVE 70/30 mol, 0.6 mol% cyano CSM) weight ratio B:A = 50:50. Cure 182C x 30 min, postcure 290C x 18 h. Shore M = n/r. TB 1052 psi, M100 217 psi (MPa values as printed). CS 300C/168h = 29.7. Other plasma % loss: NF3 remote 6h/220C -0.023; O2+CF4 direct ICP 30 min 3.02; RIE O2 90 min 3.586. NPh-AF added via master batch (Polymer A 100 + NPh-AF 6.8 phr) diluted to formulation.
A98: US7354974B2 | B98: patent | C98: DuPont Performance Elastomers LLC | D98: Blends of perfluoroelastomers and fluoroplastics | E98: https://patents.google.com/patent/US7354974B2/en | F98: Example 1 | G98: FFKM | H98: TFE/PMVE/8-CNVE 68.2/31.0/0.80 mol% | I98: nitrile_triazine | J98: 100 | K98: 0 | L98: 0 | M98: 0 | N98: 0 | O98: 0 | P98: 51 | Q98: 0 | R98: 0 | S98: 0 | T98: 0 | U98: 0.3 | V98: 0 | W98: 0 | X98: 0 | Y98: Teflon PFA 940 51; urea 0.3 | Z98: 76 | AA98: 16.2 | AB98: 316 | AC98: 5.9 | AD98: 40 | AE98: 204C x 70h, 25% compression, O-ring, ASTM D395 | AH98: MPa; Shore A | AI98: Table I. Urea (ammonia generator) 0.3 phr curative. Press cure 190C x 4 min, post cure air 305C x 10 h; ASTM D412. Fluoroplastic = Teflon PFA 940 (TFE/PAVE semi-crystalline), compounded on open mill at 40C. CS 204C/70h at 10% compression = 55.
A99: US7354974B2 | B99: patent | C99: DuPont Performance Elastomers LLC | D99: Blends of perfluoroelastomers and fluoroplastics | E99: https://patents.google.com/patent/US7354974B2/en | F99: Example 2 | G99: FFKM | H99: TFE/PMVE/8-CNVE 68.2/31.0/0.80 mol% | I99: nitrile_triazine | J99: 100 | K99: 0 | L99: 0 | M99: 0 | N99: 0 | O99: 0 | P99: 51 | Q99: 0 | R99: 0 | S99: 0 | T99: 0 | U99: 0.3 | V99: 0 | W99: 0 | X99: 0 | Y99: Teflon PFA 945 51; urea 0.3 | Z99: 77 | AA99: 18.7 | AB99: 318 | AC99: 6.3 | AD99: 38 | AE99: 204C x 70h, 25% compression, O-ring, ASTM D395 | AH99: MPa; Shore A | AI99: Table I. Urea (ammonia generator) 0.3 phr curative. Press cure 190C x 4 min, post cure air 305C x 10 h; ASTM D412. Fluoroplastic = Teflon PFA 945 (TFE/PAVE semi-crystalline), compounded on open mill at 40C. CS 204C/70h at 10% compression = 51.
A100: US7354974B2 | B100: patent | C100: DuPont Performance Elastomers LLC | D100: Blends of perfluoroelastomers and fluoroplastics | E100: https://patents.google.com/patent/US7354974B2/en | F100: Example 3 | G100: FFKM | H100: TFE/PMVE/8-CNVE 68.2/31.0/0.80 mol% | I100: nitrile_triazine | J100: 100 | K100: 0 | L100: 0 | M100: 0 | N100: 0 | O100: 0 | P100: 51 | Q100: 0 | R100: 0 | S100: 0 | T100: 0 | U100: 0.3 | V100: 0 | W100: 0 | X100: 0 | Y100: Teflon PFA 950 51; urea 0.3 | Z100: 78 | AA100: 18 | AB100: 336 | AC100: 5.8 | AD100: 39 | AE100: 204C x 70h, 25% compression, O-ring, ASTM D395 | AH100: MPa; Shore A | AI100: Table I. Urea (ammonia generator) 0.3 phr curative. Press cure 190C x 4 min, post cure air 305C x 10 h; ASTM D412. Fluoroplastic = Teflon PFA 950 (TFE/PAVE semi-crystalline), compounded on open mill at 40C. CS 204C/70h at 10% compression = 56.
A101: US7354974B2 | B101: patent | C101: DuPont Performance Elastomers LLC | D101: Blends of perfluoroelastomers and fluoroplastics | E101: https://patents.google.com/patent/US7354974B2/en | F101: Example 4 | G101: FFKM | H101: TFE/PMVE/8-CNVE 68.2/31.0/0.80 mol% | I101: nitrile_triazine | J101: 100 | K101: 0 | L101: 0 | M101: 0 | N101: 0 | O101: 0 | P101: 100 | Q101: 0 | R101: 0 | S101: 0 | T101: 0 | U101: 0.3 | V101: 0 | W101: 0 | X101: 0 | Y101: Teflon PFA 945 100; urea 0.3 | Z101: 89 | AA101: 22 | AB101: 332 | AC101: 8.8 | AD101: 50 | AE101: 204C x 70h, 25% compression, O-ring, ASTM D395 | AH101: MPa; Shore A | AI101: Table I. Urea (ammonia generator) 0.3 phr curative. Press cure 190C x 4 min, post cure air 305C x 10 h; ASTM D412. Fluoroplastic = Teflon PFA 945 (TFE/PAVE semi-crystalline), compounded on open mill at 40C. CS 204C/70h at 10% compression = 60.
A102: US7354974B2 | B102: patent | C102: DuPont Performance Elastomers LLC | D102: Blends of perfluoroelastomers and fluoroplastics | E102: https://patents.google.com/patent/US7354974B2/en | F102: Example 5 | G102: FFKM | H102: TFE/PMVE/8-CNVE 68.2/31.0/0.80 mol% | I102: nitrile_triazine | J102: 100 | K102: 0 | L102: 0 | M102: 0 | N102: 0 | O102: 0 | P102: 200 | Q102: 0 | R102: 0 | S102: 0 | T102: 0 | U102: 0.3 | V102: 0 | W102: 0 | X102: 0 | Y102: Teflon PFA 945 200; urea 0.3 | Z102: 95 | AA102: 27.6 | AB102: 327 | AC102: 11.9 | AD102: 62 | AE102: 204C x 70h, 25% compression, O-ring, ASTM D395 | AH102: MPa; Shore A | AI102: Table I. Urea (ammonia generator) 0.3 phr curative. Press cure 190C x 4 min, post cure air 305C x 10 h; ASTM D412. Fluoroplastic = Teflon PFA 945 (TFE/PAVE semi-crystalline), compounded on open mill at 40C. CS 204C/70h at 10% compression = 67.
A103: US7354974B2 | B103: patent | C103: DuPont Performance Elastomers LLC | D103: Blends of perfluoroelastomers and fluoroplastics | E103: https://patents.google.com/patent/US7354974B2/en | F103: Example 6 | G103: FFKM | H103: TFE/PMVE/8-CNVE 68.2/31.0/0.80 mol% | I103: nitrile_triazine | J103: 100 | K103: 0 | L103: 0 | M103: 0 | N103: 0 | O103: 0 | P103: 300 | Q103: 0 | R103: 0 | S103: 0 | T103: 0 | U103: 0.3 | V103: 0 | W103: 0 | X103: 0 | Y103: Teflon PFA 945 300; urea 0.3 | Z103: 97 | AA103: 26.1 | AB103: 228 | AC103: 15.3 | AH103: MPa; Shore A | AI103: Table I. Urea (ammonia generator) 0.3 phr curative. Press cure 190C x 4 min, post cure air 305C x 10 h; ASTM D412. Fluoroplastic = Teflon PFA 945 (TFE/PAVE semi-crystalline), compounded on open mill at 40C.
A104: US7354974B2 | B104: patent | C104: DuPont Performance Elastomers LLC | D104: Blends of perfluoroelastomers and fluoroplastics | E104: https://patents.google.com/patent/US7354974B2/en | F104: Example 7 | G104: FFKM | H104: TFE/PMVE/8-CNVE 68.2/31.0/0.80 mol% | I104: nitrile_triazine | J104: 100 | K104: 0 | L104: 0 | M104: 0 | N104: 0 | O104: 0 | P104: 51 | Q104: 0 | R104: 0 | S104: 0 | T104: 0 | U104: 0.3 | V104: 0 | W104: 0 | X104: 0 | Y104: Teflon PFA 945 51; urea 0.3 | Z104: 78 | AA104: 17.7 | AB104: 330 | AC104: 6.2 | AH104: MPa; Shore A | AI104: Table I. Urea (ammonia generator) 0.3 phr curative. Press cure 190C x 4 min, post cure air 305C x 10 h; ASTM D412. Fluoroplastic = Teflon PFA 945 (TFE/PAVE semi-crystalline), compounded on open mill at 40C. PFA melt-blended with elastomer at 320C (Laboplasto mill) before adding curative.
A105: US7354974B2 | B105: patent | C105: DuPont Performance Elastomers LLC | D105: Blends of perfluoroelastomers and fluoroplastics | E105: https://patents.google.com/patent/US7354974B2/en | F105: Control A | G105: FFKM | H105: TFE/PMVE/8-CNVE 68.2/31.0/0.80 mol% | I105: nitrile_triazine | J105: 100 | K105: 0 | L105: 0 | M105: 0 | N105: 0 | O105: 0 | P105: 0 | Q105: 0 | R105: 0 | S105: 0 | T105: 0 | U105: 0.3 | V105: 0 | W105: 0 | X105: 0 | Y105: urea 0.3 | Z105: 54 | AA105: 10.6 | AB105: 358 | AC105: 1.5 | AD105: 80 | AE105: 204C x 70h, 25% compression, O-ring, ASTM D395 | AH105: MPa; Shore A | AI105: Table I. Urea (ammonia generator) 0.3 phr curative. Press cure 190C x 4 min, post cure air 305C x 10 h; ASTM D412.
A106: US7354974B2 | B106: patent | C106: DuPont Performance Elastomers LLC | D106: Blends of perfluoroelastomers and fluoroplastics | E106: https://patents.google.com/patent/US7354974B2/en | F106: Control B | G106: FFKM | H106: TFE/PMVE/8-CNVE 68.2/31.0/0.80 mol% | I106: nitrile_triazine | J106: 100 | K106: 30 | L106: 0 | M106: 0 | N106: 0 | O106: 0 | P106: 0 | Q106: 0 | R106: 0 | S106: 0 | T106: 0 | U106: 0.3 | V106: 0 | W106: 0 | X106: 0 | Y106: urea 0.3; MT carbon black 30 | Z106: 73 | AA106: 17.3 | AB106: 242 | AC106: 7.5 | AD106: 12 | AE106: 204C x 70h, 25% compression, O-ring, ASTM D395 | AH106: MPa; Shore A | AI106: Table I. Urea (ammonia generator) 0.3 phr curative. Press cure 190C x 4 min, post cure air 305C x 10 h; ASTM D412.
A107: US7354974B2 | B107: patent | C107: DuPont Performance Elastomers LLC | D107: Blends of perfluoroelastomers and fluoroplastics | E107: https://patents.google.com/patent/US7354974B2/en | F107: Control D | G107: FFKM | H107: TFE/PMVE/8-CNVE 68.2/31.0/0.80 mol% | I107: nitrile_triazine | J107: 100 | K107: 0 | L107: 0 | M107: 0 | N107: 0 | O107: 0 | P107: 40 | Q107: 0 | R107: 0 | S107: 0 | T107: 0 | U107: 0.3 | V107: 0 | W107: 0 | X107: 0 | Y107: Teflon PFA 945 40; urea 0.3 | AC107: 5.4 | AH107: MPa; Shore A | AI107: Table I. Urea (ammonia generator) 0.3 phr curative. Press cure 190C x 4 min, post cure air 305C x 10 h; ASTM D412. Fluoroplastic = Teflon PFA 945 (TFE/PAVE semi-crystalline), compounded on open mill at 40C. Only M100 reported (TB/EB/hardness not tested).
A108: US6992143B2 | B108: patent | C108: DuPont Dow Elastomers LLC | D108: Curable perfluoroelastomer composition | E108: https://patents.google.com/patent/US6992143B2/en | F108: Control Example 1 | G108: FFKM | H108: FFKM A: TFE/PMVE/8-CNVE 68.2/31.0/0.80 mol% | I108: peroxide | J108: 100 | K108: 0 | L108: 10 | M108: 0 | N108: 0 | O108: 0 | P108: 0 | Q108: 0 | R108: 0 | S108: 1.5 | T108: 3 | U108: 0 | V108: 0 | W108: 0 | X108: 0 | Y108: Aerosil 200 VS (hydrophilic) 10; TMAIC (Diak 8) 1.5; PLC DBPH 68% peroxide 3 | AA108: 16.7 | AB108: 162 | AC108: 7.9 | AD108: 39 | AE108: 204C x 70h, K214 O-ring, ASTM D1414 | AH108: MPa | AI108: Table I (peroxide control). Peroxide recorded as stated (PLC DBPH 68% active). Molded 177C x 6 min, post cure air 232C x 6 h. Hardness not reported.
A109: US6992143B2 | B109: patent | C109: DuPont Dow Elastomers LLC | D109: Curable perfluoroelastomer composition | E109: https://patents.google.com/patent/US6992143B2/en | F109: Control Example 2 | G109: FFKM | H109: FFKM A: TFE/PMVE/8-CNVE 68.2/31.0/0.80 mol% | I109: peroxide | J109: 100 | K109: 0 | L109: 10 | M109: 0 | N109: 0 | O109: 0 | P109: 0 | Q109: 0 | R109: 0 | S109: 1.5 | T109: 3 | U109: 0 | V109: 0 | W109: 0 | X109: 0 | Y109: Aerosil R972 (hydrophobic) 10; TMAIC (Diak 8) 1.5; PLC DBPH 68% peroxide 3 | AA109: 16.3 | AB109: 181 | AC109: 6.6 | AD109: 41 | AE109: 204C x 70h, K214 O-ring, ASTM D1414 | AH109: MPa | AI109: Table I (peroxide control). Peroxide recorded as stated (PLC DBPH 68% active). Molded 177C x 6 min, post cure air 232C x 6 h. Hardness not reported.
A110: US6992143B2 | B110: patent | C110: DuPont Dow Elastomers LLC | D110: Curable perfluoroelastomer composition | E110: https://patents.google.com/patent/US6992143B2/en | F110: Control Example 3 | G110: FFKM | H110: FFKM A: TFE/PMVE/8-CNVE 68.2/31.0/0.80 mol% | I110: peroxide | J110: 100 | K110: 0 | L110: 10 | M110: 0 | N110: 0 | O110: 0 | P110: 0 | Q110: 0 | R110: 0 | S110: 1.5 | T110: 3 | U110: 0 | V110: 0 | W110: 0 | X110: 0 | Y110: Aerosil R812 (hydrophobic) 10; TMAIC (Diak 8) 1.5; PLC DBPH 68% peroxide 3 | AA110: 12.3 | AB110: 160 | AC110: 5.8 | AD110: 47 | AE110: 204C x 70h, K214 O-ring, ASTM D1414 | AH110: MPa | AI110: Table I (peroxide control). Peroxide recorded as stated (PLC DBPH 68% active). Molded 177C x 6 min, post cure air 232C x 6 h. Hardness not reported.
A111: US6992143B2 | B111: patent | C111: DuPont Dow Elastomers LLC | D111: Curable perfluoroelastomer composition | E111: https://patents.google.com/patent/US6992143B2/en | F111: Example 1 | G111: FFKM | H111: FFKM A: TFE/PMVE/8-CNVE 68.2/31.0/0.80 mol% | I111: nitrile_bisaminophenol | J111: 100 | K111: 0 | L111: 10 | M111: 0 | N111: 0 | O111: 0 | P111: 0 | Q111: 0 | R111: 0 | S111: 0 | T111: 0 | U111: 1.75 | V111: 0 | W111: 0 | X111: 0 | Y111: Aerosil R972 (hydrophobic) 10; DABPAF (diaminobisphenol AF) 1.75 | AA111: 9 | AB111: 161 | AC111: 4.1 | AD111: 29 | AE111: 204C x 70h, K214 O-ring, ASTM D1414 | AH111: MPa | AI111: Table II. Molded 199C (T90+5 min), post cure N2 305C x 26 h. CS 300C/70h = 49. Hardness not reported.
A112: US6992143B2 | B112: patent | C112: DuPont Dow Elastomers LLC | D112: Curable perfluoroelastomer composition | E112: https://patents.google.com/patent/US6992143B2/en | F112: Example 2 | G112: FFKM | H112: FFKM A: TFE/PMVE/8-CNVE 68.2/31.0/0.80 mol% | I112: nitrile_bisaminophenol | J112: 100 | K112: 0 | L112: 10 | M112: 0 | N112: 0 | O112: 0 | P112: 0 | Q112: 0 | R112: 0 | S112: 0 | T112: 0 | U112: 1.75 | V112: 0 | W112: 0 | X112: 0 | Y112: Aerosil R974 (hydrophobic) 10; DABPAF (diaminobisphenol AF) 1.75 | AA112: 13.5 | AB112: 195 | AC112: 4.4 | AD112: 35 | AE112: 204C x 70h, K214 O-ring, ASTM D1414 | AH112: MPa | AI112: Table II. Molded 199C (T90+5 min), post cure N2 305C x 26 h. CS 300C/70h = 53. Hardness not reported.
A113: US6992143B2 | B113: patent | C113: DuPont Dow Elastomers LLC | D113: Curable perfluoroelastomer composition | E113: https://patents.google.com/patent/US6992143B2/en | F113: Example 3 | G113: FFKM | H113: FFKM A: TFE/PMVE/8-CNVE 68.2/31.0/0.80 mol% | I113: nitrile_bisaminophenol | J113: 100 | K113: 0 | L113: 10 | M113: 0 | N113: 0 | O113: 0 | P113: 0 | Q113: 0 | R113: 0 | S113: 0 | T113: 0 | U113: 1.75 | V113: 0 | W113: 0 | X113: 0 | Y113: Aerosil R812 (hydrophobic) 10; DABPAF (diaminobisphenol AF) 1.75 | AA113: 12.8 | AB113: 214 | AC113: 3.8 | AD113: 44 | AE113: 204C x 70h, K214 O-ring, ASTM D1414 | AH113: MPa | AI113: Table II. Molded 199C (T90+5 min), post cure N2 305C x 26 h. CS 300C/70h = 65. Hardness not reported.
A114: US6992143B2 | B114: patent | C114: DuPont Dow Elastomers LLC | D114: Curable perfluoroelastomer composition | E114: https://patents.google.com/patent/US6992143B2/en | F114: Comparative Example A | G114: FFKM | H114: FFKM A: TFE/PMVE/8-CNVE 68.2/31.0/0.80 mol% | I114: nitrile_bisaminophenol | J114: 100 | K114: 0 | L114: 10 | M114: 0 | N114: 0 | O114: 0 | P114: 0 | Q114: 0 | R114: 0 | S114: 0 | T114: 0 | U114: 1.75 | V114: 0 | W114: 0 | X114: 0 | Y114: Aerosil 200 VS (hydrophilic) 10; DABPAF (diaminobisphenol AF) 1.75 | AA114: 12.9 | AB114: 161 | AC114: 7.6 | AD114: 55 | AE114: 204C x 70h, K214 O-ring, ASTM D1414 | AH114: MPa | AI114: Table II. Molded 199C (T90+5 min), post cure N2 305C x 26 h. CS 300C/70h = 81. Hardness not reported.
A115: US6992143B2 | B115: patent | C115: DuPont Dow Elastomers LLC | D115: Curable perfluoroelastomer composition | E115: https://patents.google.com/patent/US6992143B2/en | F115: Example 4 | G115: FFKM | H115: FFKM A: TFE/PMVE/8-CNVE 68.2/31.0/0.80 mol% | I115: nitrile_triazine | J115: 100 | K115: 0 | L115: 10 | M115: 0 | N115: 0 | O115: 0 | P115: 0 | Q115: 0 | R115: 0 | S115: 0 | T115: 0 | U115: 0.3 | V115: 0 | W115: 0 | X115: 0 | Y115: Aerosil R972 (hydrophobic) 10; urea (ammonia generator) 0.3 | AA115: 7 | AB115: 204 | AC115: 2.4 | AD115: 15 | AE115: 204C x 70h, K214 O-ring, ASTM D1414 | AH115: MPa | AI115: Table II. Molded 199C (T90+5 min), post cure N2 305C x 26 h. CS 300C/70h = Cracked. Hardness not reported.
A116: US6992143B2 | B116: patent | C116: DuPont Dow Elastomers LLC | D116: Curable perfluoroelastomer composition | E116: https://patents.google.com/patent/US6992143B2/en | F116: Comparative Example B | G116: FFKM | H116: FFKM A: TFE/PMVE/8-CNVE 68.2/31.0/0.80 mol% | I116: nitrile_triazine | J116: 100 | K116: 0 | L116: 10 | M116: 0 | N116: 0 | O116: 0 | P116: 0 | Q116: 0 | R116: 0 | S116: 0 | T116: 0 | U116: 0.3 | V116: 0 | W116: 0 | X116: 0 | Y116: Aerosil 200 VS (hydrophilic) 10; urea (ammonia generator) 0.3 | AA116: 7.5 | AB116: 199 | AC116: 4.2 | AD116: 38 | AE116: 204C x 70h, K214 O-ring, ASTM D1414 | AH116: MPa | AI116: Table II. Molded 199C (T90+5 min), post cure N2 305C x 26 h. CS 300C/70h = 82. Hardness not reported.
A117: US5696189A | B117: patent | C117: EI Du Pont de Nemours and Co | D117: Perfluoroelastomer compositions | E117: https://patents.google.com/patent/US5696189A/en | F117: Comparative Example A | G117: FFKM | H117: TFE/PMVE/8-CNVE approx. 56/42/2 wt (per US4281092) | I117: nitrile_organotin | J117: 100 | K117: 12 | L117: 0 | M117: 0 | N117: 0 | O117: 0 | P117: 0 | Q117: 0 | R117: 0 | S117: 0 | T117: 0 | U117: 3 | V117: 0.3 | W117: 0 | X117: 0 | Y117: tetraphenyltin 3; 18-crown-6 0.3 (in other_curative); carbon black 12 | Z117: 77 | AA117: 14.34 | AB117: 145 | AC117: 6.62 | AD117: 24.5 | AE117: 200C x 70h, pellets, ASTM D395 | AF117: 0.21 | AG117: 100% O2 plasma, Branson IPC barrel etcher, 500 W, 0.5 torr, 200 sccm, 120 min, O-ring at 25% compression | AH117: psi -> MPa (x0.00689476); Shore A | AI117: Table II; normal-state values from ASTM slabs/pellets. O-ring (AS568A-214) values: M100 854 psi, Tb 1571 psi, Eb 145%, Shore A 80, CS 70h/200C 37.1%. Eb row labelled 'psi' in source (clearly %). Press cure 210C x 20 min, post cure N2 ramp to 305C, 26 h at 305C. 50/50 O2/C2F6 plasma weight loss = 0.453%. Long-term CS 672h at 200C/250C also reported. Comp. A formulation (TPT 3, carbon black 12, crown ether 0.3) from text; carbon black type not specified.
A118: US5696189A | B118: patent | C118: EI Du Pont de Nemours and Co | D118: Perfluoroelastomer compositions | E118: https://patents.google.com/patent/US5696189A/en | F118: Comparative Example B | G118: FFKM | H118: TFE/PMVE/8-CNVE approx. 56/42/2 wt (per US4281092) | I118: nitrile_organotin | J118: 100 | K118: 0 | L118: 0 | M118: 0 | N118: 0 | O118: 3 | P118: 10 | Q118: 0 | R118: 0 | S118: 0 | T118: 0 | U118: 2 | V118: 0.2 | W118: 0 | X118: 0 | Y118: tetraphenyltin 2; 18-crown-6 0.2 (in other_curative); fluoropolymer filler 10.0 (Teflon micropowder) | Z118: 65 | AA118: 10.34 | AB118: 245 | AC118: 2.28 | AD118: 17.5 | AE118: 200C x 70h, pellets, ASTM D395 | AF118: 0.125 | AG118: 100% O2 plasma, Branson IPC barrel etcher, 500 W, 0.5 torr, 200 sccm, 120 min, O-ring at 25% compression | AH118: psi -> MPa (x0.00689476); Shore A | AI118: Table II; normal-state values from ASTM slabs/pellets. O-ring (AS568A-214) values: M100 318 psi, Tb 1074 psi, Eb 261%, Shore A 71, CS 70h/200C 44.1%. Eb row labelled 'psi' in source (clearly %). Press cure 210C x 20 min, post cure N2 ramp to 305C, 26 h at 305C. 50/50 O2/C2F6 plasma weight loss = 0.381%. Long-term CS 672h at 200C/250C also reported. Comp. B formulation (TPT 2, Teflon micropowder 10, TiO2 3, crown ether 0.2) from text and table.
A119: US5696189A | B119: patent | C119: EI Du Pont de Nemours and Co | D119: Perfluoroelastomer compositions | E119: https://patents.google.com/patent/US5696189A/en | F119: Example 1 | G119: FFKM | H119: TFE/PMVE/8-CNVE (42.5 wt% PMVE, 3.3 wt% 8-CNVE), ML-10(150C)=30 | I119: nitrile_organotin | J119: 100 | K119: 0 | L119: 10 | M119: 0 | N119: 0 | O119: 10 | P119: 10 | Q119: 0 | R119: 0 | S119: 0 | T119: 0 | U119: 1 | V119: 0 | W119: 1 | X119: 0 | Y119: tetraphenyltin 1; fluoropolymer filler 10.0; ZnO acid acceptor | Z119: 76 | AA119: 10.2 | AB119: 212 | AC119: 3.57 | AD119: 26 | AE119: 200C x 70h, pellets, ASTM D395 | AF119: 0.116 | AG119: 100% O2 plasma, Branson IPC barrel etcher, 500 W, 0.5 torr, 200 sccm, 120 min, O-ring at 25% compression | AH119: psi -> MPa (x0.00689476); Shore A | AI119: Table II; normal-state values from ASTM slabs/pellets. O-ring (AS568A-214) values: M100 613 psi, Tb 1430 psi, Eb 205%, Shore A 80, CS 70h/200C 27.2%. Eb row labelled 'psi' in source (clearly %). Press cure 210C x 20 min, post cure N2 ramp to 305C, 26 h at 305C. 50/50 O2/C2F6 plasma weight loss = 0.172%. Long-term CS 672h at 200C/250C also reported.
A120: US5696189A | B120: patent | C120: EI Du Pont de Nemours and Co | D120: Perfluoroelastomer compositions | E120: https://patents.google.com/patent/US5696189A/en | F120: Example 2 | G120: FFKM | H120: TFE/PMVE/8-CNVE (42.5 wt% PMVE, 3.3 wt% 8-CNVE), ML-10(150C)=30 | I120: nitrile_organotin | J120: 100 | K120: 0 | L120: 0 | M120: 0 | N120: 12.5 | O120: 12.5 | P120: 12.5 | Q120: 0 | R120: 0 | S120: 0 | T120: 0 | U120: 1 | V120: 0 | W120: 1 | X120: 0 | Y120: tetraphenyltin 1; fluoropolymer filler 12.5; ZnO acid acceptor | Z120: 76 | AA120: 9.51 | AB120: 211 | AC120: 3.76 | AD120: 20 | AE120: 200C x 70h, pellets, ASTM D395 | AF120: 0.09 | AG120: 100% O2 plasma, Branson IPC barrel etcher, 500 W, 0.5 torr, 200 sccm, 120 min, O-ring at 25% compression | AH120: psi -> MPa (x0.00689476); Shore A | AI120: Table II; normal-state values from ASTM slabs/pellets. O-ring (AS568A-214) values: M100 609 psi, Tb 1382 psi, Eb 213%, Shore A 81, CS 70h/200C 26.5%. Eb row labelled 'psi' in source (clearly %). Press cure 210C x 20 min, post cure N2 ramp to 305C, 26 h at 305C. 50/50 O2/C2F6 plasma weight loss = 0.148%. Long-term CS 672h at 200C/250C also reported.
...

Sheet Model_Data
A1: row_id | B1: source_id | C1: assignee | D1: example_label | E1: polymer_type | F1: polymer_grade | G1: cure_system | H1: polymer_phr | I1: carbon_black_phr | J1: silica_phr | K1: alumina_phr | L1: barium_sulfate_phr | M1: titanium_oxide_phr | N1: fluororesin_phr | O1: other_inorganic_filler_phr | P1: organic_additive_phr | Q1: coagent_phr | R1: peroxide_phr | S1: nitrile_curative_phr | T1: other_curative_phr | U1: acid_acceptor_phr | V1: processing_aid_phr | W1: hardness_shoreA | X1: tensile_MPa | Y1: elongation_pct | Z1: m100_MPa | AA1: compression_set_pct | AB1: cs_condition | AC1: cs_temp_C | AD1: total_filler_phr | AE1: used_hardness_shoreA | AF1: used_tensile_MPa | AG1: used_elongation_pct | AH1: used_m100_MPa | AI1: used_compression_set_pct
A2: G001 | B2: US7678858B2 | C2: Daikin Industries, Ltd. | D2: Example 1 | E2: FFKM | F2: DAI-EL PERFLO GA-105 (TFE/perfluoro(alkyl vinyl ether), iodine cure site) | G2: peroxide | H2: 100 | I2: 0 | J2: 0 | K2: 15 | L2: 0 | M2: 0 | N2: 0 | O2: 0 | P2: 2 | Q2: 2 | R2: 1 | S2: 0 | T2: 0 | U2: 0 | V2: 0 | W2: 78 | X2: 24.52 | Y2: 170 | Z2: 9.02 | AA2: 21 | AB2: 200C x 70h, 25% compression, P-24 O-ring (JIS K6301) | AC2: 200 | AD2: =I2+J2+K2+L2+M2+N2+O2+P2 | AE2: 1 | AF2: 1 | AG2: 1 | AH2: 1 | AI2: 1
A3: G002 | B3: US7678858B2 | C3: Daikin Industries, Ltd. | D3: Example 2 | E3: FFKM | F3: DAI-EL PERFLO GA-105 (TFE/perfluoro(alkyl vinyl ether), iodine cure site) | G3: peroxide | H3: 100 | I3: 0 | J3: 0 | K3: 15 | L3: 0 | M3: 0 | N3: 0 | O3: 0 | P3: 2 | Q3: 2 | R3: 1 | S3: 0 | T3: 0 | U3: 0 | V3: 0 | W3: 79 | X3: 26.18 | Y3: 170 | Z3: 9.32 | AA3: 22 | AB3: 200C x 70h, 25% compression, P-24 O-ring (JIS K6301) | AC3: 200 | AD3: =I3+J3+K3+L3+M3+N3+O3+P3 | AE3: 1 | AF3: 1 | AG3: 1 | AH3: 1 | AI3: 1
A4: G003 | B4: US7678858B2 | C4: Daikin Industries, Ltd. | D4: Example 3 | E4: FFKM | F4: DAI-EL PERFLO GA-105 (TFE/perfluoro(alkyl vinyl ether), iodine cure site) | G4: peroxide | H4: 100 | I4: 0 | J4: 0 | K4: 15 | L4: 0 | M4: 0 | N4: 0 | O4: 0 | P4: 2 | Q4: 2 | R4: 1 | S4: 0 | T4: 0 | U4: 0 | V4: 0 | W4: 78 | X4: 24.91 | Y4: 170 | Z4: 9.12 | AA4: 21 | AB4: 200C x 70h, 25% compression, P-24 O-ring (JIS K6301) | AC4: 200 | AD4: =I4+J4+K4+L4+M4+N4+O4+P4 | AE4: 1 | AF4: 1 | AG4: 1 | AH4: 1 | AI4: 1
A5: G004 | B5: US7678858B2 | C5: Daikin Industries, Ltd. | D5: Example 4 | E5: FFKM | F5: DAI-EL PERFLO GA-105 (TFE/perfluoro(alkyl vinyl ether), iodine cure site) | G5: peroxide | H5: 100 | I5: 0 | J5: 0 | K5: 15 | L5: 0 | M5: 0 | N5: 0 | O5: 0 | P5: 2 | Q5: 2 | R5: 1 | S5: 0 | T5: 0 | U5: 0 | V5: 0 | W5: 79 | X5: 23.54 | Y5: 170 | Z5: 9.32 | AA5: 21 | AB5: 200C x 70h, 25% compression, P-24 O-ring (JIS K6301) | AC5: 200 | AD5: =I5+J5+K5+L5+M5+N5+O5+P5 | AE5: 1 | AF5: 1 | AG5: 1 | AH5: 1 | AI5: 1
A6: G005 | B6: US7678858B2 | C6: Daikin Industries, Ltd. | D6: Example 5 | E6: FFKM | F6: DAI-EL PERFLO GA-105 (TFE/perfluoro(alkyl vinyl ether), iodine cure site) | G6: peroxide | H6: 100 | I6: 0 | J6: 0 | K6: 15 | L6: 0 | M6: 0 | N6: 0 | O6: 0 | P6: 2 | Q6: 2 | R6: 1 | S6: 0 | T6: 0 | U6: 0 | V6: 0 | W6: 78 | X6: 23.24 | Y6: 170 | Z6: 9.12 | AA6: 23 | AB6: 200C x 70h, 25% compression, P-24 O-ring (JIS K6301) | AC6: 200 | AD6: =I6+J6+K6+L6+M6+N6+O6+P6 | AE6: 1 | AF6: 1 | AG6: 1 | AH6: 1 | AI6: 1
A7: G006 | B7: US7678858B2 | C7: Daikin Industries, Ltd. | D7: Example 6 | E7: FFKM | F7: DAI-EL PERFLO GA-105 (TFE/perfluoro(alkyl vinyl ether), iodine cure site) | G7: peroxide | H7: 100 | I7: 0 | J7: 0 | K7: 15 | L7: 0 | M7: 0 | N7: 0 | O7: 0 | P7: 2 | Q7: 2 | R7: 1 | S7: 0 | T7: 0 | U7: 0 | V7: 0 | W7: 78 | X7: 23.63 | Y7: 170 | Z7: 8.34 | AA7: 28 | AB7: 200C x 70h, 25% compression, P-24 O-ring (JIS K6301) | AC7: 200 | AD7: =I7+J7+K7+L7+M7+N7+O7+P7 | AE7: 1 | AF7: 1 | AG7: 1 | AH7: 1 | AI7: 1
A8: G007 | B8: US7678858B2 | C8: Daikin Industries, Ltd. | D8: Example 7 | E8: FFKM | F8: DAI-EL PERFLO GA-105 (TFE/perfluoro(alkyl vinyl ether), iodine cure site) | G8: peroxide | H8: 100 | I8: 0 | J8: 0 | K8: 15 | L8: 0 | M8: 0 | N8: 0 | O8: 0 | P8: 2 | Q8: 2 | R8: 1 | S8: 0 | T8: 0 | U8: 0 | V8: 0 | W8: 79 | X8: 25.11 | Y8: 200 | Z8: 5.98 | AA8: 48 | AB8: 200C x 70h, 25% compression, P-24 O-ring (JIS K6301) | AC8: 200 | AD8: =I8+J8+K8+L8+M8+N8+O8+P8 | AE8: 1 | AF8: 1 | AG8: 1 | AH8: 1 | AI8: 1
A9: G008 | B9: US7678858B2 | C9: Daikin Industries, Ltd. | D9: Example 8 | E9: FFKM | F9: DAI-EL PERFLO GA-105 (TFE/perfluoro(alkyl vinyl ether), iodine cure site) | G9: peroxide | H9: 100 | I9: 0 | J9: 0 | K9: 15 | L9: 0 | M9: 0 | N9: 0 | O9: 0 | P9: 2 | Q9: 2 | R9: 1 | S9: 0 | T9: 0 | U9: 0 | V9: 0 | W9: 78 | X9: 24.71 | Y9: 190 | Z9: 6.96 | AA9: 45 | AB9: 200C x 70h, 25% compression, P-24 O-ring (JIS K6301) | AC9: 200 | AD9: =I9+J9+K9+L9+M9+N9+O9+P9 | AE9: 1 | AF9: 1 | AG9: 1 | AH9: 1 | AI9: 1
A10: G009 | B10: US7678858B2 | C10: Daikin Industries, Ltd. | D10: Example 9 | E10: FFKM | F10: DAI-EL PERFLO GA-105 (TFE/perfluoro(alkyl vinyl ether), iodine cure site) | G10: peroxide | H10: 100 | I10: 0 | J10: 0 | K10: 15 | L10: 0 | M10: 0 | N10: 0 | O10: 0 | P10: 2 | Q10: 2 | R10: 1 | S10: 0 | T10: 0 | U10: 0 | V10: 0 | W10: 80 | X10: 23.14 | Y10: 170 | Z10: 8.92 | AA10: 28 | AB10: 200C x 70h, 25% compression, P-24 O-ring (JIS K6301) | AC10: 200 | AD10: =I10+J10+K10+L10+M10+N10+O10+P10 | AE10: 1 | AF10: 1 | AG10: 1 | AH10: 1 | AI10: 1
A11: G010 | B11: US7678858B2 | C11: Daikin Industries, Ltd. | D11: Comparative Example 1 | E11: FFKM | F11: DAI-EL PERFLO GA-105 (TFE/perfluoro(alkyl vinyl ether), iodine cure site) | G11: peroxide | H11: 100 | I11: 0 | J11: 0 | K11: 15 | L11: 0 | M11: 0 | N11: 0 | O11: 0 | P11: 0 | Q11: 2 | R11: 1 | S11: 0 | T11: 0 | U11: 0 | V11: 0 | W11: 75 | X11: 23.83 | Y11: 160 | Z11: 8.83 | AA11: 21 | AB11: 200C x 70h, 25% compression, P-24 O-ring (JIS K6301) | AC11: 200 | AD11: =I11+J11+K11+L11+M11+N11+O11+P11 | AE11: 1 | AF11: 1 | AG11: 1 | AH11: 1 | AI11: 1
A12: G011 | B12: US7678858B2 | C12: Daikin Industries, Ltd. | D12: Example 10 | E12: FFKM | F12: DAI-EL PERFLO GA-105 (TFE/perfluoro(alkyl vinyl ether), iodine cure site) | G12: peroxide | H12: 100 | I12: 0 | J12: 0 | K12: 0 | L12: 0 | M12: 0 | N12: 0 | O12: 0 | P12: 15 | Q12: 2 | R12: 1 | S12: 0 | T12: 0 | U12: 0 | V12: 0 | W12: 82 | X12: 16.18 | Y12: 190 | Z12: 7.16 | AA12: 17 | AB12: 200C x 70h, 25% compression, P-24 O-ring (JIS K6301) | AC12: 200 | AD12: =I12+J12+K12+L12+M12+N12+O12+P12 | AE12: 1 | AF12: 1 | AG12: 1 | AH12: 1 | AI12: 1
A13: G012 | B13: US7678858B2 | C13: Daikin Industries, Ltd. | D13: Example 11 | E13: FFKM | F13: DAI-EL PERFLO GA-105 (TFE/perfluoro(alkyl vinyl ether), iodine cure site) | G13: peroxide | H13: 100 | I13: 0 | J13: 0 | K13: 15 | L13: 0 | M13: 0 | N13: 0 | O13: 0 | P13: 15 | Q13: 2 | R13: 1 | S13: 0 | T13: 0 | U13: 0 | V13: 0 | W13: 89 | X13: 19.71 | Y13: 140 | Z13: 13.73 | AA13: 33 | AB13: 200C x 70h, 25% compression, P-24 O-ring (JIS K6301) | AC13: 200 | AD13: =I13+J13+K13+L13+M13+N13+O13+P13 | AE13: 1 | AF13: 1 | AG13: 1 | AH13: 1 | AI13: 1
... A29: G028 | B29: US6803402B2 | C29: Daikin Industries, Ltd. | D29: Comparative Example 3 | E29: FFKM | F29: TFE/perfluoro(methyl vinyl ether) copolymer elastomer | G29: peroxide | H29: 100 | I29: 0 | J29: 0 | K29: 0 | L29: 0 | M29: 10 | N29: 0 | O29: 0 | P29: 0 | Q29: 3 | R29: 1 | S29: 0 | T29: 0 | U29: 0 | V29: 0 | W29: 59 | X29: 19.71 | Y29: 153 | Z29: 5.88 | AA29: 20 | AB29: 200C x 70h, 25% compression, AS-568A-214 O-ring (JIS K6301) | AC29: 200 | AD29: =I29+J29+K29+L29+M29+N29+O29+P29 | AE29: 1 | AF29: 1 | AG29: 1 | AH29: 1 | AI29: 1
A30: G029 | B30: US8173727B2 | C30: Daikin Industries, Ltd. | D30: Example 1 | E30: FFKM | F30: TFE/PMVE copolymer (67/33 mol%) | G30: peroxide | H30: 100 | I30: 0 | J30: 0 | K30: 0 | L30: 0 | M30: 0 | N30: 0 | O30: 0 | P30: 15 | Q30: 2 | R30: 1 | S30: 0 | T30: 0 | U30: 0 | V30: 0 | W30: 80 | X30: 15.69 | Y30: 170 | Z30: 9.81 | AD30: =I30+J30+K30+L30+M30+N30+O30+P30 | AE30: 1 | AF30: 1 | AG30: 1 | AH30: 1 | AI30: 0
A31: G030 | B31: US8173727B2 | C31: Daikin Industries, Ltd. | D31: Example 2 | E31: FFKM | F31: TFE/PMVE copolymer (67/33 mol%) | G31: peroxide | H31: 100 | I31: 0 | J31: 0 | K31: 0 | L31: 0 | M31: 0 | N31: 0 | O31: 0 | P31: 15 | Q31: 2 | R31: 1 | S31: 0 | T31: 0 | U31: 0 | V31: 0 | W31: 80 | X31: 16.67 | Y31: 160 | Z31: 12.75 | AD31: =I31+J31+K31+L31+M31+N31+O31+P31 | AE31: 1 | AF31: 1 | AG31: 1 | AH31: 1 | AI31: 0
A32: G031 | B32: US8173727B2 | C32: Daikin Industries, Ltd. | D32: Example 3 | E32: FFKM | F32: TFE/PMVE copolymer (67/33 mol%) | G32: peroxide | H32: 100 | I32: 0 | J32: 0 | K32: 0 | L32: 0 | M32: 0 | N32: 0 | O32: 0 | P32: 15 | Q32: 2 | R32: 1 | S32: 0 | T32: 0 | U32: 0 | V32: 0 | W32: 81 | X32: 18.14 | Y32: 140 | Z32: 15.2 | AD32: =I32+J32+K32+L32+M32+N32+O32+P32 | AE32: 1 | AF32: 1 | AG32: 1 | AH32: 1 | AI32: 0
A33: G032 | B33: US8173727B2 | C33: Daikin Industries, Ltd. | D33: Example 4 | E33: FFKM | F33: TFE/PMVE copolymer (67/33 mol%) | G33: peroxide | H33: 100 | I33: 0 | J33: 0 | K33: 0 | L33: 0 | M33: 0 | N33: 0 | O33: 0 | P33: 15 | Q33: 2 | R33: 1 | S33: 0 | T33: 0 | U33: 0 | V33: 0 | W33: 81 | X33: 19.12 | Y33: 120 | Z33: 16.18 | AD33: =I33+J33+K33+L33+M33+N33+O33+P33 | AE33: 1 | AF33: 1 | AG33: 1 | AH33: 1 | AI33: 0
A34: G033 | B34: US8173727B2 | C34: Daikin Industries, Ltd. | D34: Example 5 | E34: FFKM | F34: TFE/PMVE copolymer (67/33 mol%) | G34: peroxide | H34: 100 | I34: 0 | J34: 0 | K34: 0 | L34: 0 | M34: 0 | N34: 0 | O34: 0 | P34: 15 | Q34: 2 | R34: 1 | S34: 0 | T34: 0 | U34: 0 | V34: 0 | W34: 79 | X34: 10.79 | Y34: 190 | Z34: 5.88 | AD34: =I34+J34+K34+L34+M34+N34+O34+P34 | AE34: 1 | AF34: 1 | AG34: 1 | AH34: 1 | AI34: 0
A35: G034 | B35: US8173727B2 | C35: Daikin Industries, Ltd. | D35: Example 6 | E35: FFKM | F35: TFE/PMVE copolymer (67/33 mol%) | G35: peroxide | H35: 100 | I35: 0 | J35: 0 | K35: 15 | L35: 0 | M35: 0 | N35: 0 | O35: 0 | P35: 0 | Q35: 2 | R35: 1 | S35: 0 | T35: 0 | U35: 0 | V35: 0 | W35: 75 | X35: 23.54 | Y35: 160 | Z35: 9.81 | AD35: =I35+J35+K35+L35+M35+N35+O35+P35 | AE35: 1 | AF35: 1 | AG35: 1 | AH35: 1 | AI35: 0
A36: G035 | B36: US8173727B2 | C36: Daikin Industries, Ltd. | D36: Example 7 | E36: FFKM | F36: TFE/PMVE copolymer (67/33 mol%) | G36: peroxide | H36: 100 | I36: 15 | J36: 0 | K36: 0 | L36: 0 | M36: 0 | N36: 0 | O36: 0 | P36: 0 | Q36: 2 | R36: 1 | S36: 0 | T36: 0 | U36: 0 | V36: 0 | W36: 80 | X36: 19.61 | Y36: 180 | Z36: 9.81 | AD36: =I36+J36+K36+L36+M36+N36+O36+P36 | AE36: 1 | AF36: 1 | AG36: 1 | AH36: 1 | AI36: 0
A37: G036 | B37: US8173727B2 | C37: Daikin Industries, Ltd. | D37: Example 8 | E37: FFKM | F37: TFE/PMVE copolymer (67/33 mol%) | G37: peroxide | H37: 100 | I37: 0 | J37: 0 | K37: 0 | L37: 0 | M37: 0 | N37: 0 | O37: 0 | P37: 0 | Q37: 1 | R37: 2 | S37: 0 | T37: 0 | U37: 0 | V37: 0 | W37: 65 | X37: 13.73 | Y37: 210 | Z37: 2.94 | AD37: =I37+J37+K37+L37+M37+N37+O37+P37 | AE37: 1 | AF37: 1 | AG37: 1 | AH37: 1 | AI37: 0
A38: G037 | B38: US8173727B2 | C38: Daikin Industries, Ltd. | D38: Example 9 | E38: FFKM | F38: TFE/perfluoroalkyl vinyl ether/cyano-group monomer 59.4/40.1/0.5 mol (Daikin) | G38: nitrile_other | H38: 100 | I38: 0 | J38: 0 | K38: 0 | L38: 0 | M38: 0 | N38: 0 | O38: 15 | P38: 0 | Q38: 0 | R38: 0 | S38: 1.2 | T38: 0 | U38: 0 | V38: 0 | X38: 14.42 | Y38: 335 | Z38: 2.26 | AA38: 42 | AB38: 300C x 70h, AS-568A-214 O-ring (JIS K6262) | AC38: 300 | AD38: =I38+J38+K38+L38+M38+N38+O38+P38 | AE38: 0 | AF38: 1 | AG38: 1 | AH38: 1 | AI38: 1
A39: G038 | B39: US8173727B2 | C39: Daikin Industries, Ltd. | D39: Example 10 | E39: FFKM | F39: TFE/perfluoroalkyl vinyl ether/cyano-group monomer 59.4/40.1/0.5 mol (Daikin) | G39: nitrile_other | H39: 100 | I39: 0 | J39: 0 | K39: 0 | L39: 0 | M39: 0 | N39: 0 | O39: 15 | P39: 0 | Q39: 0 | R39: 0 | S39: 1.2 | T39: 0 | U39: 0 | V39: 0 | X39: 12.85 | Z39: 2.94 | AA39: 27 | AB39: 300C x 70h, AS-568A-214 O-ring (JIS K6262) | AC39: 300 | AD39: =I39+J39+K39+L39+M39+N39+O39+P39 | AE39: 0 | AF39: 1 | AG39: 0 | AH39: 1 | AI39: 1
A40: G039 | B40: US8173727B2 | C40: Daikin Industries, Ltd. | D40: Example 11 | E40: FFKM | F40: TFE/perfluoroalkyl vinyl ether/cyano-group monomer 59.4/40.1/0.5 mol (Daikin) | G40: nitrile_other | H40: 100 | I40: 0 | J40: 0 | K40: 0 | L40: 0 | M40: 0 | N40: 0 | O40: 15 | P40: 0 | Q40: 0 | R40: 0 | S40: 1.2 | T40: 0 | U40: 0 | V40: 0 | X40: 14.91 | Y40: 288 | Z40: 2.45 | AA40: 32 | AB40: 300C x 70h, AS-568A-214 O-ring (JIS K6262) | AC40: 300 | AD40: =I40+J40+K40+L40+M40+N40+O40+P40 | AE40: 0 | AF40: 1 | AG40: 1 | AH40: 1 | AI40: 1
A41: G040 | B41: US8173727B2 | C41: Daikin Industries, Ltd. | D41: Example 12 | E41: FFKM | F41: TFE/perfluoroalkyl vinyl ether/cyano-group monomer 59.4/40.1/0.5 mol (Daikin) | G41: nitrile_other | H41: 100 | I41: 20 | J41: 0 | K41: 0 | L41: 0 | M41: 0 | N41: 0 | O41: 0 | P41: 0 | Q41: 0 | R41: 0 | S41: 0.8 | T41: 0 | U41: 0 | V41: 0 | X41: 19.52 | Y41: 273 | Z41: 5 | AA41: 38 | AB41: 300C x 70h, AS-568A-214 O-ring (JIS K6262) | AC41: 300 | AD41: =I41+J41+K41+L41+M41+N41+O41+P41 | AE41: 0 | AF41: 1 | AG41: 1 | AH41: 1 | AI41: 1
A42: G041 | B42: US8173727B2 | C42: Daikin Industries, Ltd. | D42: Example 13 | E42: FFKM | F42: TFE/perfluoroalkyl vinyl ether/cyano-group monomer 59.4/40.1/0.5 mol (Daikin) | G42: nitrile_other | H42: 100 | I42: 0 | J42: 15 | K42: 0 | L42: 0 | M42: 0 | N42: 0 | O42: 0 | P42: 0 | Q42: 0 | R42: 0 | S42: 1.2 | T42: 0 | U42: 0 | V42: 0 | X42: 13.34 | Y42: 275 | Z42: 4.9 | AB42: 300C x 70h, AS-568A-214 O-ring (JIS K6262) | AC42: 300 | AD42: =I42+J42+K42+L42+M42+N42+O42+P42 | AE42: 0 | AF42: 1 | AG42: 1 | AH42: 1 | AI42: 0
A43: G042 | B43: US8173727B2 | C43: Daikin Industries, Ltd. | D43: Example 14 | E43: FFKM | F43: TFE/perfluoroalkyl vinyl ether/cyano-group monomer 59.4/40.1/0.5 mol (Daikin) | G43: nitrile_other | H43: 100 | I43: 0 | J43: 0 | K43: 15 | L43: 0 | M43: 0 | N43: 0 | O43: 0 | P43: 0 | Q43: 0 | R43: 0 | S43: 1.2 | T43: 0 | U43: 0 | V43: 0 | X43: 15.79 | Y43: 307 | Z43: 2.26 | AA43: 45 | AB43: 300C x 70h, AS-568A-214 O-ring (JIS K6262) | AC43: 300 | AD43: =I43+J43+K43+L43+M43+N43+O43+P43 | AE43: 0 | AF43: 1 | AG43: 1 | AH43: 1 | AI43: 1
A44: G043 | B44: US8211964B2 | C44: Daikin Industries, Ltd. | D44: Example 2 | E44: FFKM | F44: TFE/PMVE/CNVE (CF2=CFOCF2CF(CF3)OCF2CF2CN) elastomer with cyano end groups (Preparation Example 1) | G44: nitrile_triazine | H44: 100 | I44: 0 | J44: 0 | K44: 0 | L44: 0 | M44: 0 | N44: 0 | O44: 0 | P44: 0 | Q44: 0 | R44: 0 | S44: 0.35 | T44: 0 | U44: 0 | V44: 0 | W44: 57.2 | X44: 9.32 | Y44: 295 | Z44: 1.18 | AA44: 18 | AB44: 200C x 72h, AS-568A-214 O-ring | AC44: 200 | AD44: =I44+J44+K44+L44+M44+N44+O44+P44 | AE44: 1 | AF44: 1 | AG44: 1 | AH44: 1 | AI44: 1
A45: G044 | B45: US8211964B2 | C45: Daikin Industries, Ltd. | D45: Example 3 | E45: FFKM | F45: TFE/PMVE/CNVE (CF2=CFOCF2CF(CF3)OCF2CF2CN) elastomer with cyano end groups (Preparation Example 1) | G45: nitrile_triazine | H45: 100 | I45: 0 | J45: 0 | K45: 0 | L45: 0 | M45: 0 | N45: 0 | O45: 0 | P45: 0 | Q45: 0 | R45: 0 | S45: 0.4 | T45: 0 | U45: 0 | V45: 0 | W45: 58 | X45: 10 | Y45: 265 | Z45: 1.37 | AA45: 17 | AB45: 200C x 72h, AS-568A-214 O-ring | AC45: 200 | AD45: =I45+J45+K45+L45+M45+N45+O45+P45 | AE45: 1 | AF45: 1 | AG45: 1 | AH45: 1 | AI45: 1
A46: G045 | B46: US8211964B2 | C46: Daikin Industries, Ltd. | D46: Example 4 | E46: FFKM | F46: TFE/PMVE/CNVE (CF2=CFOCF2CF(CF3)OCF2CF2CN) elastomer with cyano end groups (Preparation Example 1) | G46: nitrile_triazine | H46: 100 | I46: 0 | J46: 0 | K46: 0 | L46: 0 | M46: 0 | N46: 0 | O46: 20 | P46: 0 | Q46: 0 | R46: 0 | S46: 0 | T46: 0 | U46: 0 | V46: 0 | W46: 76 | X46: 12.75 | Y46: 180 | Z46: 5 | AA46: 42 | AB46: 250C x 72h, AS-568A-214 O-ring | AC46: 250 | AD46: =I46+J46+K46+L46+M46+N46+O46+P46 | AE46: 1 | AF46: 1 | AG46: 1 | AH46: 1 | AI46: 1
A47: G046 | B47: US8211964B2 | C47: Daikin Industries, Ltd. | D47: Example 5 | E47: FFKM | F47: TFE/PMVE/CNVE (CF2=CFOCF2CF(CF3)OCF2CF2CN) elastomer with cyano end groups (Preparation Example 1) | G47: nitrile_triazine | H47: 100 | I47: 0 | J47: 0 | K47: 0 | L47: 0 | M47: 0 | N47: 0 | O47: 20 | P47: 0 | Q47: 0 | R47: 0 | S47: 0 | T47: 0 | U47: 0 | V47: 0 | W47: 78 | X47: 11.77 | Y47: 170 | Z47: 4.9 | AA47: 48 | AB47: 250C x 72h, AS-568A-214 O-ring | AC47: 250 | AD47: =I47+J47+K47+L47+M47+N47+O47+P47 | AE47: 1 | AF47: 1 | AG47: 1 | AH47: 1 | AI47: 1
A48: G047 | B48: US8211964B2 | C48: Daikin Industries, Ltd. | D48: Example 6 | E48: FFKM | F48: TFE/PMVE/CNVE (CF2=CFOCF2CF(CF3)OCF2CF2CN) elastomer with cyano end groups (Preparation Example 1) | G48: nitrile_other | H48: 100 | I48: 0 | J48: 0 | K48: 0 | L48: 0 | M48: 0 | N48: 0 | O48: 0 | P48: 15 | Q48: 0 | R48: 0 | S48: 1.3 | T48: 0 | U48: 0 | V48: 0 | W48: 73 | X48: 13.04 | Y48: 234 | Z48: 5.2 | AA48: 24 | AB48: 300C x 72h, AS-568A-214 O-ring | AC48: 300 | AD48: =I48+J48+K48+L48+M48+N48+O48+P48 | AE48: 1 | AF48: 1 | AG48: 1 | AH48: 1 | AI48: 1
A49: G048 | B49: US8211964B2 | C49: Daikin Industries, Ltd. | D49: Comparative Example 1 | E49: FFKM | F49: TFE/PMVE/CNVE (CF2=CFOCF2CF(CF3)OCF2CF2CN) elastomer with cyano end groups (Preparation Example 1) | G49: nitrile_other | H49: 100 | I49: 0 | J49: 0 | K49: 0 | L49: 0 | M49: 0 | N49: 0 | O49: 0 | P49: 15 | Q49: 0 | R49: 0 | S49: 1.2 | T49: 0 | U49: 0 | V49: 0 | W49: 73 | X49: 12.85 | Y49: 256 | Z49: 4.9 | AA49: 31 | AB49: 300C x 72h, AS-568A-214 O-ring | AC49: 300 | AD49: =I49+J49+K49+L49+M49+N49+O49+P49 | AE49: 1 | AF49: 1 | AG49: 1 | AH49: 1 | AI49: 1
A50: G049 | B50: US8211964B2 | C50: Daikin Industries, Ltd. | D50: Example 7 | E50: FFKM | F50: TFE/PMVE/CNVE (CF2=CFOCF2CF(CF3)OCF2CF2CN) elastomer with cyano end groups (Preparation Example 1) | G50: nitrile_other | H50: 100 | I50: 0 | J50: 10 | K50: 0 | L50: 0 | M50: 0 | N50: 0 | O50: 0 | P50: 0 | Q50: 0 | R50: 0 | S50: 1.3 | T50: 0 | U50: 0 | V50: 0 | W50: 77 | X50: 17.65 | Y50: 310 | Z50: 5 | AA50: 53 | AB50: 300C x 72h, AS-568A-214 O-ring | AC50: 300 | AD50: =I50+J50+K50+L50+M50+N50+O50+P50 | AE50: 1 | AF50: 1 | AG50: 1 | AH50: 1 | AI50: 1
A51: G050 | B51: US8211964B2 | C51: Daikin Industries, Ltd. | D51: Comparative Example 2 | E51: FFKM | F51: TFE/PMVE/CNVE (CF2=CFOCF2CF(CF3)OCF2CF2CN) elastomer with cyano end groups (Preparation Example 1) | G51: nitrile_other | H51: 100 | I51: 0 | J51: 10 | K51: 0 | L51: 0 | M51: 0 | N51: 0 | O51: 0 | P51: 0 | Q51: 0 | R51: 0 | S51: 1.2 | T51: 0 | U51: 0 | V51: 0 | W51: 75 | X51: 17.06 | Y51: 288 | Z51: 5.1 | AA51: 72 | AB51: 300C x 72h, AS-568A-214 O-ring | AC51: 300 | AD51: =I51+J51+K51+L51+M51+N51+O51+P51 | AE51: 1 | AF51: 1 | AG51: 1 | AH51: 1 | AI51: 1
A52: G051 | B52: US8211964B2 | C52: Daikin Industries, Ltd. | D52: Example 8 | E52: FFKM | F52: TFE/PMVE/CNVE (CF2=CFOCF2CF(CF3)OCF2CF2CN) elastomer with cyano end groups (Preparation Example 1) | G52: nitrile_other | H52: 100 | I52: 20 | J52: 0 | K52: 0 | L52: 0 | M52: 0 | N52: 0 | O52: 5 | P52: 0 | Q52: 0 | R52: 0 | S52: 1 | T52: 0 | U52: 0 | V52: 0 | W52: 83 | X52: 18.63 | Y52: 205 | Z52: 6.37 | AA52: 32 | AB52: 300C x 72h, AS-568A-214 O-ring | AC52: 300 | AD52: =I52+J52+K52+L52+M52+N52+O52+P52 | AE52: 1 | AF52: 1 | AG52: 1 | AH52: 1 | AI52: 1
A53: G052 | B53: US8211964B2 | C53: Daikin Industries, Ltd. | D53: Comparative Example 3 | E53: FFKM | F53: TFE/PMVE/CNVE (CF2=CFOCF2CF(CF3)OCF2CF2CN) elastomer with cyano end groups (Preparation Example 1) | G53: nitrile_other | H53: 100 | I53: 20 | J53: 0 | K53: 0 | L53: 0 | M53: 0 | N53: 0 | O53: 0 | P53: 0 | Q53: 0 | R53: 0 | S53: 1 | T53: 0 | U53: 0 | V53: 0 | W53: 73 | X53: 22.56 | Y53: 200 | Z53: 5.88 | AA53: 30 | AB53: 300C x 72h, AS-568A-214 O-ring | AC53: 300 | AD53: =I53+J53+K53+L53+M53+N53+O53+P53 | AE53: 1 | AF53: 1 | AG53: 1 | AH53: 1 | AI53: 1
A54: G053 | B54: US11753523B2 | C54: Daikin Industries, Ltd. | D54: Example 1 | E54: FFKM | F54: TFE/PMVE/CNVE 59.4/40.1/0.5 mol | G54: nitrile_other | H54: 100 | I54: 0 | J54: 0 | K54: 0 | L54: 0 | M54: 0 | N54: 0 | O54: 10 | P54: 0 | Q54: 0 | R54: 0 | S54: 0.9 | T54: 0 | U54: 0 | V54: 0 | W54: 72 | AA54: 33 | AB54: 300C x 70h, AS-568A-214 O-ring (JIS K6262) | AC54: 300 | AD54: =I54+J54+K54+L54+M54+N54+O54+P54 | AE54: 1 | AF54: 0 | AG54: 0 | AH54: 0 | AI54: 1
A55: G054 | B55: US11753523B2 | C55: Daikin Industries, Ltd. | D55: Example 2 | E55: FFKM | F55: TFE/PMVE/CNVE 59.4/40.1/0.5 mol | G55: nitrile_triazine | H55: 100 | I55: 0 | J55: 0 | K55: 0 | L55: 0 | M55: 0 | N55: 0 | O55: 10 | P55: 0 | Q55: 0 | R55: 0 | S55: 0.4 | T55: 0 | U55: 0 | V55: 0 | W55: 71 | AA55: 33 | AB55: 300C x 70h, AS-568A-214 O-ring (JIS K6262) | AC55: 300 | AD55: =I55+J55+K55+L55+M55+N55+O55+P55 | AE55: 1 | AF55: 0 | AG55: 0 | AH55: 0 | AI55: 1
A56: G055 | B56: US11753523B2 | C56: Daikin Industries, Ltd. | D56: Example 3 | E56: FFKM | F56: TFE/PMVE/CNVE 59.4/40.1/0.5 mol | G56: nitrile_other | H56: 100 | I56: 0 | J56: 0 | K56: 0 | L56: 0 | M56: 0 | N56: 0 | O56: 15 | P56: 0 | Q56: 0 | R56: 0 | S56: 0.9 | T56: 0 | U56: 0 | V56: 0 | W56: 75 | AA56: 42 | AB56: 300C x 70h, AS-568A-214 O-ring (JIS K6262) | AC56: 300 | AD56: =I56+J56+K56+L56+M56+N56+O56+P56 | AE56: 1 | AF56: 0 | AG56: 0 | AH56: 0 | AI56: 1
A57: G056 | B57: US11753523B2 | C57: Daikin Industries, Ltd. | D57: Example 4 | E57: FFKM | F57: TFE/PMVE/CNVE 59.4/40.1/0.5 mol | G57: nitrile_triazine | H57: 100 | I57: 0 | J57: 0 | K57: 0 | L57: 0 | M57: 0 | N57: 0 | O57: 15 | P57: 0 | Q57: 0 | R57: 0 | S57: 0.4 | T57: 0 | U57: 0 | V57: 0 | W57: 75 | AA57: 36 | AB57: 300C x 70h, AS-568A-214 O-ring (JIS K6262) | AC57: 300 | AD57: =I57+J57+K57+L57+M57+N57+O57+P57 | AE57: 1 | AF57: 0 | AG57: 0 | AH57: 0 | AI57: 1
A58: G057 | B58: US11753523B2 | C58: Daikin Industries, Ltd. | D58: Example 5 | E58: FFKM | F58: TFE/PMVE/CNVE 59.4/40.1/0.5 mol | G58: nitrile_triazine | H58: 100 | I58: 0 | J58: 0 | K58: 0 | L58: 0 | M58: 0 | N58: 0 | O58: 20 | P58: 0 | Q58: 0 | R58: 0 | S58: 0.4 | T58: 0 | U58: 0 | V58: 0 | W58: 80 | AA58: 47 | AB58: 300C x 70h, AS-568A-214 O-ring (JIS K6262) | AC58: 300 | AD58: =I58+J58+K58+L58+M58+N58+O58+P58 | AE58: 1 | AF58: 0 | AG58: 0 | AH58: 0 | AI58: 1
A59: G058 | B59: US11753523B2 | C59: Daikin Industries, Ltd. | D59: Comparative Example 1 | E59: FFKM | F59: TFE/PMVE/CNVE 59.4/40.1/0.5 mol | G59: nitrile_other | H59: 100 | I59: 0 | J59: 0 | K59: 0 | L59: 0 | M59: 0 | N59: 0 | O59: 10 | P59: 0 | Q59: 0 | R59: 0 | S59: 0.9 | T59: 0 | U59: 0 | V59: 0 | W59: 72 | AA59: 43 | AB59: 300C x 70h, AS-568A-214 O-ring (JIS K6262) | AC59: 300 | AD59: =I59+J59+K59+L59+M59+N59+O59+P59 | AE59: 1 | AF59: 0 | AG59: 0 | AH59: 0 | AI59: 1
A60: G059 | B60: US11753523B2 | C60: Daikin Industries, Ltd. | D60: Comparative Example 2 | E60: FFKM | F60: TFE/PMVE/CNVE 59.4/40.1/0.5 mol | G60: nitrile_triazine | H60: 100 | I60: 0 | J60: 0 | K60: 0 | L60: 0 | M60: 0 | N60: 0 | O60: 10 | P60: 0 | Q60: 0 | R60: 0 | S60: 0.4 | T60: 0 | U60: 0 | V60: 0 | W60: 71 | AA60: 59 | AB60: 300C x 70h, AS-568A-214 O-ring (JIS K6262) | AC60: 300 | AD60: =I60+J60+K60+L60+M60+N60+O60+P60 | AE60: 1 | AF60: 0 | AG60: 0 | AH60: 0 | AI60: 1
A61: G060 | B61: US11753523B2 | C61: Daikin Industries, Ltd. | D61: Comparative Example 3 | E61: FFKM | F61: TFE/PMVE/CNVE 59.4/40.1/0.5 mol | G61: nitrile_other | H61: 100 | I61: 0 | J61: 0 | K61: 0 | L61: 0 | M61: 0 | N61: 0 | O61: 15 | P61: 0 | Q61: 0 | R61: 0 | S61: 0.9 | T61: 0 | U61: 0 | V61: 0 | W61: 75 | AA61: 55 | AB61: 300C x 70h, AS-568A-214 O-ring (JIS K6262) | AC61: 300 | AD61: =I61+J61+K61+L61+M61+N61+O61+P61 | AE61: 1 | AF61: 0 | AG61: 0 | AH61: 0 | AI61: 1
A62: G061 | B62: US11753523B2 | C62: Daikin Industries, Ltd. | D62: Comparative Example 4 | E62: FFKM | F62: TFE/PMVE/CNVE 59.4/40.1/0.5 mol | G62: nitrile_triazine | H62: 100 | I62: 0 | J62: 0 | K62: 0 | L62: 0 | M62: 0 | N62: 0 | O62: 15 | P62: 0 | Q62: 0 | R62: 0 | S62: 0.4 | T62: 0 | U62: 0 | V62: 0 | W62: 75 | AA62: 67 | AB62: 300C x 70h, AS-568A-214 O-ring (JIS K6262) | AC62: 300 | AD62: =I62+J62+K62+L62+M62+N62+O62+P62 | AE62: 1 | AF62: 0 | AG62: 0 | AH62: 0 | AI62: 1
A63: G062 | B63: US11753523B2 | C63: Daikin Industries, Ltd. | D63: Comparative Example 5 | E63: FFKM | F63: TFE/PMVE/CNVE 59.4/40.1/0.5 mol | G63: nitrile_triazine | H63: 100 | I63: 0 | J63: 0 | K63: 0 | L63: 0 | M63: 0 | N63: 0 | O63: 20 | P63: 0 | Q63: 0 | R63: 0 | S63: 0.4 | T63: 0 | U63: 0 | V63: 0 | W63: 80 | AA63: 84 | AB63: 300C x 70h, AS-568A-214 O-ring (JIS K6262) | AC63: 300 | AD63: =I63+J63+K63+L63+M63+N63+O63+P63 | AE63: 1 | AF63: 0 | AG63: 0 | AH63: 0 | AI63: 1
A64: G063 | B64: US11753523B2 | C64: Daikin Industries, Ltd. | D64: Comparative Example 6 | E64: FFKM | F64: TFE/PMVE/CNVE 59.4/40.1/0.5 mol | G64: nitrile_other | H64: 100 | I64: 0 | J64: 0 | K64: 0 | L64: 0 | M64: 0 | N64: 0 | O64: 15 | P64: 0 | Q64: 0 | R64: 0 | S64: 0.9 | T64: 0 | U64: 0 | V64: 0 | W64: 74 | AA64: 38 | AB64: 300C x 70h, AS-568A-214 O-ring (JIS K6262) | AC64: 300 | AD64: =I64+J64+K64+L64+M64+N64+O64+P64 | AE64: 1 | AF64: 0 | AG64: 0 | AH64: 0 | AI64: 1
A65: G064 | B65: US11753523B2 | C65: Daikin Industries, Ltd. | D65: Comparative Example 7 | E65: FFKM | F65: TFE/PMVE/CNVE 59.4/40.1/0.5 mol | G65: nitrile_other | H65: 100 | I65: 0 | J65: 15 | K65: 0 | L65: 0 | M65: 0 | N65: 0 | O65: 0 | P65: 0 | Q65: 0 | R65: 0 | S65: 0.9 | T65: 0 | U65: 0 | V65: 0 | W65: 74 | AA65: 70 | AB65: 300C x 70h, AS-568A-214 O-ring (JIS K6262) | AC65: 300 | AD65: =I65+J65+K65+L65+M65+N65+O65+P65 | AE65: 1 | AF65: 0 | AG65: 0 | AH65: 0 | AI65: 1
... A68: G067 | B68: US11753523B2 | C68: Daikin Industries, Ltd. | D68: Comparative Example 10 | E68: FFKM | F68: TFE/PMVE/CNVE 59.4/40.1/0.5 mol | G68: nitrile_other | H68: 100 | I68: 0 | J68: 0 | K68: 0 | L68: 0 | M68: 0 | N68: 0 | O68: 0 | P68: 0 | Q68: 0 | R68: 0 | S68: 0.9 | T68: 0 | U68: 0 | V68: 0 | W68: 60 | AA68: 34 | AB68: 300C x 70h, AS-568A-214 O-ring (JIS K6262) | AC68: 300 | AD68: =I68+J68+K68+L68+M68+N68+O68+P68 | AE68: 1 | AF68: 0 | AG68: 0 | AH68: 0 | AI68: 1
A69: G068 | B69: US11072700B2 | C69: Daikin Industries, Ltd. | D69: Example 1 | E69: FFKM | F69: TFE/PMVE/cyano-group monomer 59.4/40.1/0.5 mol (Daikin) | G69: nitrile_triazine | H69: 100 | I69: 0 | J69: 0 | K69: 0 | L69: 0 | M69: 0 | N69: 0 | O69: 0 | P69: 0 | Q69: 0 | R69: 0 | S69: 1 | T69: 0 | U69: 0 | V69: 0 | W69: 58 | X69: 14.5 | Y69: 320 | Z69: 1.2 | AD69: =I69+J69+K69+L69+M69+N69+O69+P69 | AE69: 1 | AF69: 1 | AG69: 1 | AH69: 1 | AI69: 0
A70: G069 | B70: US11072700B2 | C70: Daikin Industries, Ltd. | D70: Example 2 | E70: FFKM | F70: TFE/PMVE/cyano-group monomer 59.4/40.1/0.5 mol (Daikin) | G70: nitrile_other | H70: 100 | I70: 0 | J70: 0 | K70: 0 | L70: 0 | M70: 0 | N70: 0 | O70: 0 | P70: 0 | Q70: 0 | R70: 0 | S70: 1.8 | T70: 0 | U70: 0 | V70: 0 | W70: 60 | X70: 14.4 | Y70: 290 | Z70: 1.4 | AD70: =I70+J70+K70+L70+M70+N70+O70+P70 | AE70: 1 | AF70: 1 | AG70: 1 | AH70: 1 | AI70: 0
A71: G070 | B71: US11072700B2 | C71: Daikin Industries, Ltd. | D71: Comparative Example 1 | E71: FFKM | F71: TFE/PMVE/cyano-group monomer 59.4/40.1/0.5 mol (Daikin) | G71: nitrile_triazine | H71: 100 | I71: 0 | J71: 0 | K71: 0 | L71: 0 | M71: 0 | N71: 0 | O71: 0 | P71: 0 | Q71: 0 | R71: 0 | S71: 0.25 | T71: 0 | U71: 0 | V71: 0 | W71: 58 | X71: 13.5 | Y71: 300 | Z71: 1.2 | AD71: =I71+J71+K71+L71+M71+N71+O71+P71 | AE71: 1 | AF71: 1 | AG71: 1 | AH71: 1 | AI71: 0
A72: G071 | B72: US11072700B2 | C72: Daikin Industries, Ltd. | D72: Comparative Example 2 | E72: FFKM | F72: TFE/PMVE/cyano-group monomer 59.4/40.1/0.5 mol (Daikin) | G72: nitrile_other | H72: 100 | I72: 0 | J72: 0 | K72: 0 | L72: 0 | M72: 0 | N72: 0 | O72: 0 | P72: 0 | Q72: 0 | R72: 0 | S72: 1.05 | T72: 0 | U72: 0 | V72: 0 | W72: 60 | X72: 10.4 | Y72: 270 | Z72: 1.3 | AD72: =I72+J72+K72+L72+M72+N72+O72+P72 | AE72: 1 | AF72: 1 | AG72: 1 | AH72: 1 | AI72: 0
A73: G072 | B73: US11072700B2 | C73: Daikin Industries, Ltd. | D73: Example 3 | E73: FFKM | F73: TFE/PMVE/cyano-group monomer 59.4/40.1/0.5 mol (Daikin) | G73: nitrile_triazine | H73: 100 | I73: 23 | J73: 0 | K73: 0 | L73: 0 | M73: 0 | N73: 0 | O73: 0 | P73: 0 | Q73: 0 | R73: 0 | S73: 0.5 | T73: 0 | U73: 0 | V73: 0 | W73: 74 | X73: 18.9 | Y73: 185 | Z73: 7 | AD73: =I73+J73+K73+L73+M73+N73+O73+P73 | AE73: 1 | AF73: 1 | AG73: 1 | AH73: 1 | AI73: 0
A74: G073 | B74: US11072700B2 | C74: Daikin Industries, Ltd. | D74: Comparative Example 3 | E74: FFKM | F74: TFE/PMVE/cyano-group monomer 59.4/40.1/0.5 mol (Daikin) | G74: nitrile_triazine | H74: 100 | I74: 23 | J74: 0 | K74: 0 | L74: 0 | M74: 0 | N74: 0 | O74: 0 | P74: 0 | Q74: 0 | R74: 0 | S74: 0.25 | T74: 0 | U74: 0 | V74: 0 | W74: 74 | X74: 19.9 | Y74: 180 | Z74: 7.4 | AD74: =I74+J74+K74+L74+M74+N74+O74+P74 | AE74: 1 | AF74: 1 | AG74: 1 | AH74: 1 | AI74: 0
A75: G074 | B75: US12091537B2 | C75: Daikin Industries, Ltd. | D75: Example 1 | E75: FFKM | F75: TFE/PMVE/cyano-group monomer 59.4/40.1/0.5 mol | G75: nitrile_other | H75: 100 | I75: 23 | J75: 0 | K75: 0 | L75: 0 | M75: 0 | N75: 0 | O75: 0 | P75: 0 | Q75: 0 | R75: 0 | S75: 1.3 | T75: 0 | U75: 0 | V75: 0 | W75: 79 | X75: 19.6 | Y75: 190 | Z75: 8.4 | AD75: =I75+J75+K75+L75+M75+N75+O75+P75 | AE75: 1 | AF75: 1 | AG75: 1 | AH75: 1 | AI75: 0
A76: G075 | B76: US12091537B2 | C76: Daikin Industries, Ltd. | D76: Example 2 | E76: FFKM | F76: TFE/PMVE/cyano-group monomer 59.4/40.1/0.5 mol | G76: nitrile_other | H76: 100 | I76: 23 | J76: 0 | K76: 0 | L76: 0 | M76: 0 | N76: 0 | O76: 0 | P76: 0 | Q76: 0 | R76: 0 | S76: 1.3 | T76: 0 | U76: 0 | V76: 0 | W76: 78 | X76: 19.1 | Y76: 210 | Z76: 8.5 | AD76: =I76+J76+K76+L76+M76+N76+O76+P76 | AE76: 1 | AF76: 1 | AG76: 1 | AH76: 1 | AI76: 0
A77: G076 | B77: US12091537B2 | C77: Daikin Industries, Ltd. | D77: Example 3 | E77: FFKM | F77: TFE/PMVE/cyano-group monomer 59.4/40.1/0.5 mol | G77: nitrile_other | H77: 100 | I77: 23 | J77: 0 | K77: 0 | L77: 0 | M77: 0 | N77: 0 | O77: 0 | P77: 0 | Q77: 0 | R77: 0 | S77: 1.3 | T77: 0 | U77: 0 | V77: 0 | W77: 79 | X77: 19.3 | Y77: 190 | Z77: 9 | AD77: =I77+J77+K77+L77+M77+N77+O77+P77 | AE77: 1 | AF77: 1 | AG77: 1 | AH77: 1 | AI77: 0
A78: G077 | B78: US12091537B2 | C78: Daikin Industries, Ltd. | D78: Example 4 | E78: FFKM | F78: TFE/PMVE/cyano-group monomer 59.4/40.1/0.5 mol | G78: nitrile_other | H78: 100 | I78: 23 | J78: 0 | K78: 0 | L78: 0 | M78: 0 | N78: 0 | O78: 0 | P78: 0 | Q78: 0 | R78: 0 | S78: 1.3 | T78: 0 | U78: 0 | V78: 0 | W78: 79 | X78: 18.2 | Y78: 210 | Z78: 7.9 | AD78: =I78+J78+K78+L78+M78+N78+O78+P78 | AE78: 1 | AF78: 1 | AG78: 1 | AH78: 1 | AI78: 0
A79: G078 | B79: US12091537B2 | C79: Daikin Industries, Ltd. | D79: Example 5 | E79: FFKM | F79: TFE/PMVE/cyano-group monomer 59.4/40.1/0.5 mol | G79: nitrile_other | H79: 100 | I79: 23 | J79: 0 | K79: 0 | L79: 0 | M79: 0 | N79: 0 | O79: 0 | P79: 0 | Q79: 0 | R79: 0 | S79: 1.3 | T79: 0 | U79: 0 | V79: 0 | W79: 79 | X79: 19.4 | Y79: 200 | Z79: 8.2 | AD79: =I79+J79+K79+L79+M79+N79+O79+P79 | AE79: 1 | AF79: 1 | AG79: 1 | AH79: 1 | AI79: 0
A80: G079 | B80: US12091537B2 | C80: Daikin Industries, Ltd. | D80: Comparative Example 1 | E80: FFKM | F80: TFE/PMVE/cyano-group monomer 59.4/40.1/0.5 mol | G80: nitrile_other | H80: 100 | I80: 23 | J80: 0 | K80: 0 | L80: 0 | M80: 0 | N80: 0 | O80: 0 | P80: 0 | Q80: 0 | R80: 0 | S80: 1.3 | T80: 0 | U80: 0 | V80: 0 | W80: 79 | X80: 19.9 | Y80: 200 | Z80: 8.9 | AD80: =I80+J80+K80+L80+M80+N80+O80+P80 | AE80: 1 | AF80: 1 | AG80: 1 | AH80: 1 | AI80: 0
... A86: G085 | B86: US8367776B2 | C86: Daikin Industries Ltd; Greene Tweed of Delaware Inc | D86: Comparative Example 2 | E86: FFKM | F86: Perfluoroelastomer (2) TFE/PMVE/CF2=CFO(CF2)5CN 69.4/30.2/0.43 mol% | G86: nitrile_other | H86: 100 | I86: 0 | J86: 0 | K86: 0 | L86: 0 | M86: 0 | N86: 0 | O86: 0 | P86: 0 | Q86: 0 | R86: 0 | S86: 1 | T86: 0 | U86: 0 | V86: 0 | W86: 78 | X86: 20.8 | Y86: 225 | Z86: 3.2 | AD86: =I86+J86+K86+L86+M86+N86+O86+P86 | AE86: 1 | AF86: 1 | AG86: 1 | AH86: 1 | AI86: 0
A87: G086 | B87: US8367776B2 | C87: Daikin Industries Ltd; Greene Tweed of Delaware Inc | D87: Example 4 | E87: FFKM | F87: Daikin Polymer B/Polymer A blend 50/50 (TFE/PMVE + cyano cure site) | G87: nitrile_other | H87: 100 | I87: 0 | J87: 0 | K87: 0 | L87: 0 | M87: 0 | N87: 0 | O87: 0 | P87: 0 | Q87: 0 | R87: 0 | S87: 0.7 | T87: 0 | U87: 0 | V87: 0 | W87: 63.5 | X87: 6.51 | Y87: 271 | Z87: 1.33 | AA87: 21.2 | AB87: 300C x 70h, O-ring, ASTM D1414/D395 | AC87: 300 | AD87: =I87+J87+K87+L87+M87+N87+O87+P87 | AE87: 1 | AF87: 1 | AG87: 1 | AH87: 1 | AI87: 1
A88: G087 | B88: US8367776B2 | C88: Daikin Industries Ltd; Greene Tweed of Delaware Inc | D88: Example 5 | E88: FFKM | F88: Daikin Polymer B/Polymer A blend 50/50 (TFE/PMVE + cyano cure site) | G88: nitrile_other | H88: 100 | I88: 0 | J88: 0 | K88: 0 | L88: 0 | M88: 0 | N88: 0 | O88: 0 | P88: 0 | Q88: 0 | R88: 0 | S88: 0.8 | T88: 0 | U88: 0 | V88: 0 | W88: 64 | X88: 7.23 | Y88: 262 | Z88: 1.49 | AA88: 19.7 | AB88: 300C x 70h, O-ring, ASTM D1414/D395 | AC88: 300 | AD88: =I88+J88+K88+L88+M88+N88+O88+P88 | AE88: 1 | AF88: 1 | AG88: 1 | AH88: 1 | AI88: 1
A89: G088 | B89: US8367776B2 | C89: Daikin Industries Ltd; Greene Tweed of Delaware Inc | D89: Example 6 | E89: FFKM | F89: Daikin Polymer B/Polymer A blend 50/50 (TFE/PMVE + cyano cure site) | G89: nitrile_other | H89: 100 | I89: 0 | J89: 0 | K89: 0 | L89: 0 | M89: 0 | N89: 0 | O89: 0 | P89: 0 | Q89: 0 | R89: 0 | S89: 0.9 | T89: 0 | U89: 0 | V89: 0 | W89: 64.5 | X89: 6.74 | Y89: 261 | Z89: 1.38 | AA89: 17.3 | AB89: 300C x 70h, O-ring, ASTM D1414/D395 | AC89: 300 | AD89: =I89+J89+K89+L89+M89+N89+O89+P89 | AE89: 1 | AF89: 1 | AG89: 1 | AH89: 1 | AI89: 1
A90: G089 | B90: US8367776B2 | C90: Daikin Industries Ltd; Greene Tweed of Delaware Inc | D90: Example 7 | E90: FFKM | F90: Daikin Polymer B/Polymer A blend 65/35 (TFE/PMVE + cyano cure site) | G90: nitrile_other | H90: 100 | I90: 0 | J90: 0 | K90: 0 | L90: 0 | M90: 0 | N90: 0 | O90: 0 | P90: 0 | Q90: 0 | R90: 0 | S90: 0.7 | T90: 0 | U90: 0 | V90: 0 | W90: 65 | X90: 9.57 | Y90: 263 | Z90: 1.67 | AA90: 20.3 | AB90: 300C x 70h, O-ring, ASTM D1414/D395 | AC90: 300 | AD90: =I90+J90+K90+L90+M90+N90+O90+P90 | AE90: 1 | AF90: 1 | AG90: 1 | AH90: 1 | AI90: 1
A91: G090 | B91: US8367776B2 | C91: Daikin Industries Ltd; Greene Tweed of Delaware Inc | D91: Example 8 | E91: FFKM | F91: Daikin Polymer B/Polymer A blend 65/35 (TFE/PMVE + cyano cure site) | G91: nitrile_other | H91: 100 | I91: 0 | J91: 0 | K91: 0 | L91: 0 | M91: 0 | N91: 0 | O91: 0 | P91: 0 | Q91: 0 | R91: 0 | S91: 0.8 | T91: 0 | U91: 0 | V91: 0 | W91: 65.5 | X91: 7.79 | Y91: 258 | Z91: 1.63 | AA91: 20.3 | AB91: 300C x 70h, O-ring, ASTM D1414/D395 | AC91: 300 | AD91: =I91+J91+K91+L91+M91+N91+O91+P91 | AE91: 1 | AF91: 1 | AG91: 1 | AH91: 1 | AI91: 1
A92: G091 | B92: US8367776B2 | C92: Daikin Industries Ltd; Greene Tweed of Delaware Inc | D92: Example 9 | E92: FFKM | F92: Daikin Polymer B/Polymer A blend 65/35 (TFE/PMVE + cyano cure site) | G92: nitrile_other | H92: 100 | I92: 0 | J92: 0 | K92: 0 | L92: 0 | M92: 0 | N92: 0 | O92: 0 | P92: 0 | Q92: 0 | R92: 0 | S92: 0.9 | T92: 0 | U92: 0 | V92: 0 | W92: 66.5 | X92: 9.45 | Y92: 260 | Z92: 1.72 | AA92: 17.4 | AB92: 300C x 70h, O-ring, ASTM D1414/D395 | AC92: 300 | AD92: =I92+J92+K92+L92+M92+N92+O92+P92 | AE92: 1 | AF92: 1 | AG92: 1 | AH92: 1 | AI92: 1
A93: G092 | B93: US8367776B2 | C93: Daikin Industries Ltd; Greene Tweed of Delaware Inc | D93: Example 10 | E93: FFKM | F93: Daikin Polymer B/Polymer A blend 35/65 (TFE/PMVE + cyano cure site) | G93: nitrile_other | H93: 100 | I93: 0 | J93: 0 | K93: 0 | L93: 0 | M93: 0 | N93: 0 | O93: 0 | P93: 0 | Q93: 0 | R93: 0 | S93: 0.7 | T93: 0 | U93: 0 | V93: 0 | W93: 61.5 | X93: 5.84 | Y93: 270 | Z93: 1.27 | AA93: 17.7 | AB93: 300C x 70h, O-ring, ASTM D1414/D395 | AC93: 300 | AD93: =I93+J93+K93+L93+M93+N93+O93+P93 | AE93: 1 | AF93: 1 | AG93: 1 | AH93: 1 | AI93: 1
A94: G093 | B94: US8367776B2 | C94: Daikin Industries Ltd; Greene Tweed of Delaware Inc | D94: Example 11 | E94: FFKM | F94: Daikin Polymer B/Polymer A blend 35/65 (TFE/PMVE + cyano cure site) | G94: nitrile_other | H94: 100 | I94: 0 | J94: 0 | K94: 0 | L94: 0 | M94: 0 | N94: 0 | O94: 0 | P94: 0 | Q94: 0 | R94: 0 | S94: 0.8 | T94: 0 | U94: 0 | V94: 0 | W94: 62 | X94: 6.43 | Y94: 262 | Z94: 1.37 | AA94: 18.5 | AB94: 300C x 70h, O-ring, ASTM D1414/D395 | AC94: 300 | AD94: =I94+J94+K94+L94+M94+N94+O94+P94 | AE94: 1 | AF94: 1 | AG94: 1 | AH94: 1 | AI94: 1
A95: G094 | B95: US8367776B2 | C95: Daikin Industries Ltd; Greene Tweed of Delaware Inc | D95: Example 12 | E95: FFKM | F95: Daikin Polymer B/Polymer A blend 35/65 (TFE/PMVE + cyano cure site) | G95: nitrile_other | H95: 100 | I95: 0 | J95: 0 | K95: 0 | L95: 0 | M95: 0 | N95: 0 | O95: 0 | P95: 0 | Q95: 0 | R95: 0 | S95: 0.9 | T95: 0 | U95: 0 | V95: 0 | W95: 62.5 | X95: 6.16 | Y95: 249 | Z95: 1.5 | AA95: 17.1 | AB95: 300C x 70h, O-ring, ASTM D1414/D395 | AC95: 300 | AD95: =I95+J95+K95+L95+M95+N95+O95+P95 | AE95: 1 | AF95: 1 | AG95: 1 | AH95: 1 | AI95: 1
A96: G095 | B96: US8367776B2 | C96: Daikin Industries Ltd; Greene Tweed of Delaware Inc | D96: Example 13 | E96: FFKM | F96: Daikin Polymer B/Polymer A blend 50/50 (TFE/PMVE + cyano cure site) | G96: nitrile_other | H96: 100 | I96: 0 | J96: 0 | K96: 0 | L96: 0 | M96: 0 | N96: 0 | O96: 0 | P96: 0 | Q96: 0 | R96: 0 | S96: 0.9 | T96: 0 | U96: 0 | V96: 0 | W96: 65.5 | X96: 7.61 | Y96: 256 | Z96: 1.59 | AA96: 17.1 | AB96: 300C x 70h, O-ring, ASTM D1414/D395 | AC96: 300 | AD96: =I96+J96+K96+L96+M96+N96+O96+P96 | AE96: 1 | AF96: 1 | AG96: 1 | AH96: 1 | AI96: 1
A97: G096 | B97: US8367776B2 | C97: Daikin Industries Ltd; Greene Tweed of Delaware Inc | D97: Example 14 | E97: FFKM | F97: Daikin Polymer B/Polymer A blend 50/50 (TFE/PMVE + cyano cure site) | G97: nitrile_other | H97: 100 | I97: 0 | J97: 0 | K97: 0 | L97: 0 | M97: 0 | N97: 0 | O97: 0 | P97: 0 | Q97: 0 | R97: 0 | S97: 0.9 | T97: 0 | U97: 0 | V97: 0 | W97: 63.5 | X97: 7.26 | Y97: 261 | Z97: 1.5 | AA97: 17.7 | AB97: 300C x 70h, O-ring, ASTM D1414/D395 | AC97: 300 | AD97: =I97+J97+K97+L97+M97+N97+O97+P97 | AE97: 1 | AF97: 1 | AG97: 1 | AH97: 1 | AI97: 1
A98: G097 | B98: US7354974B2 | C98: DuPont Performance Elastomers LLC | D98: Example 1 | E98: FFKM | F98: TFE/PMVE/8-CNVE 68.2/31.0/0.80 mol% | G98: nitrile_triazine | H98: 100 | I98: 0 | J98: 0 | K98: 0 | L98: 0 | M98: 0 | N98: 51 | O98: 0 | P98: 0 | Q98: 0 | R98: 0 | S98: 0.3 | T98: 0 | U98: 0 | V98: 0 | W98: 76 | X98: 16.2 | Y98: 316 | Z98: 5.9 | AA98: 40 | AB98: 204C x 70h, 25% compression, O-ring, ASTM D395 | AC98: 204 | AD98: =I98+J98+K98+L98+M98+N98+O98+P98 | AE98: 1 | AF98: 1 | AG98: 1 | AH98: 1 | AI98: 1
... A102: G101 | B102: US7354974B2 | C102: DuPont Performance Elastomers LLC | D102: Example 5 | E102: FFKM | F102: TFE/PMVE/8-CNVE 68.2/31.0/0.80 mol% | G102: nitrile_triazine | H102: 100 | I102: 0 | J102: 0 | K102: 0 | L102: 0 | M102: 0 | N102: 200 | O102: 0 | P102: 0 | Q102: 0 | R102: 0 | S102: 0.3 | T102: 0 | U102: 0 | V102: 0 | W102: 95 | X102: 27.6 | Y102: 327 | Z102: 11.9 | AA102: 62 | AB102: 204C x 70h, 25% compression, O-ring, ASTM D395 | AC102: 204 | AD102: =I102+J102+K102+L102+M102+N102+O102+P102 | AE102: 1 | AF102: 1 | AG102: 1 | AH102: 1 | AI102: 1
A103: G102 | B103: US7354974B2 | C103: DuPont Performance Elastomers LLC | D103: Example 6 | E103: FFKM | F103: TFE/PMVE/8-CNVE 68.2/31.0/0.80 mol% | G103: nitrile_triazine | H103: 100 | I103: 0 | J103: 0 | K103: 0 | L103: 0 | M103: 0 | N103: 300 | O103: 0 | P103: 0 | Q103: 0 | R103: 0 | S103: 0.3 | T103: 0 | U103: 0 | V103: 0 | W103: 97 | X103: 26.1 | Y103: 228 | Z103: 15.3 | AD103: =I103+J103+K103+L103+M103+N103+O103+P103 | AE103: 1 | AF103: 1 | AG103: 1 | AH103: 1 | AI103: 0
A104: G103 | B104: US7354974B2 | C104: DuPont Performance Elastomers LLC | D104: Example 7 | E104: FFKM | F104: TFE/PMVE/8-CNVE 68.2/31.0/0.80 mol% | G104: nitrile_triazine | H104: 100 | I104: 0 | J104: 0 | K104: 0 | L104: 0 | M104: 0 | N104: 51 | O104: 0 | P104: 0 | Q104: 0 | R104: 0 | S104: 0.3 | T104: 0 | U104: 0 | V104: 0 | W104: 78 | X104: 17.7 | Y104: 330 | Z104: 6.2 | AD104: =I104+J104+K104+L104+M104+N104+O104+P104 | AE104: 1 | AF104: 1 | AG104: 1 | AH104: 1 | AI104: 0
A105: G104 | B105: US7354974B2 | C105: DuPont Performance Elastomers LLC | D105: Control A | E105: FFKM | F105: TFE/PMVE/8-CNVE 68.2/31.0/0.80 mol% | G105: nitrile_triazine | H105: 100 | I105: 0 | J105: 0 | K105: 0 | L105: 0 | M105: 0 | N105: 0 | O105: 0 | P105: 0 | Q105: 0 | R105: 0 | S105: 0.3 | T105: 0 | U105: 0 | V105: 0 | W105: 54 | X105: 10.6 | Y105: 358 | Z105: 1.5 | AA105: 80 | AB105: 204C x 70h, 25% compression, O-ring, ASTM D395 | AC105: 204 | AD105: =I105+J105+K105+L105+M105+N105+O105+P105 | AE105: 1 | AF105: 1 | AG105: 1 | AH105: 1 | AI105: 1
A106: G105 | B106: US7354974B2 | C106: DuPont Performance Elastomers LLC | D106: Control B | E106: FFKM | F106: TFE/PMVE/8-CNVE 68.2/31.0/0.80 mol% | G106: nitrile_triazine | H106: 100 | I106: 30 | J106: 0 | K106: 0 | L106: 0 | M106: 0 | N106: 0 | O106: 0 | P106: 0 | Q106: 0 | R106: 0 | S106: 0.3 | T106: 0 | U106: 0 | V106: 0 | W106: 73 | X106: 17.3 | Y106: 242 | Z106: 7.5 | AA106: 12 | AB106: 204C x 70h, 25% compression, O-ring, ASTM D395 | AC106: 204 | AD106: =I106+J106+K106+L106+M106+N106+O106+P106 | AE106: 1 | AF106: 1 | AG106: 1 | AH106: 1 | AI106: 1
A107: G106 | B107: US7354974B2 | C107: DuPont Performance Elastomers LLC | D107: Control D | E107: FFKM | F107: TFE/PMVE/8-CNVE 68.2/31.0/0.80 mol% | G107: nitrile_triazine | H107: 100 | I107: 0 | J107: 0 | K107: 0 | L107: 0 | M107: 0 | N107: 40 | O107: 0 | P107: 0 | Q107: 0 | R107: 0 | S107: 0.3 | T107: 0 | U107: 0 | V107: 0 | Z107: 5.4 | AD107: =I107+J107+K107+L107+M107+N107+O107+P107 | AE107: 0 | AF107: 0 | AG107: 0 | AH107: 1 | AI107: 0
A108: G107 | B108: US6992143B2 | C108: DuPont Dow Elastomers LLC | D108: Control Example 1 | E108: FFKM | F108: FFKM A: TFE/PMVE/8-CNVE 68.2/31.0/0.80 mol% | G108: peroxide | H108: 100 | I108: 0 | J108: 10 | K108: 0 | L108: 0 | M108: 0 | N108: 0 | O108: 0 | P108: 0 | Q108: 1.5 | R108: 3 | S108: 0 | T108: 0 | U108: 0 | V108: 0 | X108: 16.7 | Y108: 162 | Z108: 7.9 | AA108: 39 | AB108: 204C x 70h, K214 O-ring, ASTM D1414 | AC108: 204 | AD108: =I108+J108+K108+L108+M108+N108+O108+P108 | AE108: 0 | AF108: 1 | AG108: 1 | AH108: 1 | AI108: 1
A109: G108 | B109: US6992143B2 | C109: DuPont Dow Elastomers LLC | D109: Control Example 2 | E109: FFKM | F109: FFKM A: TFE/PMVE/8-CNVE 68.2/31.0/0.80 mol% | G109: peroxide | H109: 100 | I109: 0 | J109: 10 | K109: 0 | L109: 0 | M109: 0 | N109: 0 | O109: 0 | P109: 0 | Q109: 1.5 | R109: 3 | S109: 0 | T109: 0 | U109: 0 | V109: 0 | X109: 16.3 | Y109: 181 | Z109: 6.6 | AA109: 41 | AB109: 204C x 70h, K214 O-ring, ASTM D1414 | AC109: 204 | AD109: =I109+J109+K109+L109+M109+N109+O109+P109 | AE109: 0 | AF109: 1 | AG109: 1 | AH109: 1 | AI109: 1
A110: G109 | B110: US6992143B2 | C110: DuPont Dow Elastomers LLC | D110: Control Example 3 | E110: FFKM | F110: FFKM A: TFE/PMVE/8-CNVE 68.2/31.0/0.80 mol% | G110: peroxide | H110: 100 | I110: 0 | J110: 10 | K110: 0 | L110: 0 | M110: 0 | N110: 0 | O110: 0 | P110: 0 | Q110: 1.5 | R110: 3 | S110: 0 | T110: 0 | U110: 0 | V110: 0 | X110: 12.3 | Y110: 160 | Z110: 5.8 | AA110: 47 | AB110: 204C x 70h, K214 O-ring, ASTM D1414 | AC110: 204 | AD110: =I110+J110+K110+L110+M110+N110+O110+P110 | AE110: 0 | AF110: 1 | AG110: 1 | AH110: 1 | AI110: 1
A111: G110 | B111: US6992143B2 | C111: DuPont Dow Elastomers LLC | D111: Example 1 | E111: FFKM | F111: FFKM A: TFE/PMVE/8-CNVE 68.2/31.0/0.80 mol% | G111: nitrile_bisaminophenol | H111: 100 | I111: 0 | J111: 10 | K111: 0 | L111: 0 | M111: 0 | N111: 0 | O111: 0 | P111: 0 | Q111: 0 | R111: 0 | S111: 1.75 | T111: 0 | U111: 0 | V111: 0 | X111: 9 | Y111: 161 | Z111: 4.1 | AA111: 29 | AB111: 204C x 70h, K214 O-ring, ASTM D1414 | AC111: 204 | AD111: =I111+J111+K111+L111+M111+N111+O111+P111 | AE111: 0 | AF111: 1 | AG111: 1 | AH111: 1 | AI111: 1
A112: G111 | B112: US6992143B2 | C112: DuPont Dow Elastomers LLC | D112: Example 2 | E112: FFKM | F112: FFKM A: TFE/PMVE/8-CNVE 68.2/31.0/0.80 mol% | G112: nitrile_bisaminophenol | H112: 100 | I112: 0 | J112: 10 | K112: 0 | L112: 0 | M112: 0 | N112: 0 | O112: 0 | P112: 0 | Q112: 0 | R112: 0 | S112: 1.75 | T112: 0 | U112: 0 | V112: 0 | X112: 13.5 | Y112: 195 | Z112: 4.4 | AA112: 35 | AB112: 204C x 70h, K214 O-ring, ASTM D1414 | AC112: 204 | AD112: =I112+J112+K112+L112+M112+N112+O112+P112 | AE112: 0 | AF112: 1 | AG112: 1 | AH112: 1 | AI112: 1
A113: G112 | B113: US6992143B2 | C113: DuPont Dow Elastomers LLC | D113: Example 3 | E113: FFKM | F113: FFKM A: TFE/PMVE/8-CNVE 68.2/31.0/0.80 mol% | G113: nitrile_bisaminophenol | H113: 100 | I113: 0 | J113: 10 | K113: 0 | L113: 0 | M113: 0 | N113: 0 | O113: 0 | P113: 0 | Q113: 0 | R113: 0 | S113: 1.75 | T113: 0 | U113: 0 | V113: 0 | X113: 12.8 | Y113: 214 | Z113: 3.8 | AA113: 44 | AB113: 204C x 70h, K214 O-ring, ASTM D1414 | AC113: 204 | AD113: =I113+J113+K113+L113+M113+N113+O113+P113 | AE113: 0 | AF113: 1 | AG113: 1 | AH113: 1 | AI113: 1
A114: G113 | B114: US6992143B2 | C114: DuPont Dow Elastomers LLC | D114: Comparative Example A | E114: FFKM | F114: FFKM A: TFE/PMVE/8-CNVE 68.2/31.0/0.80 mol% | G114: nitrile_bisaminophenol | H114: 100 | I114: 0 | J114: 10 | K114: 0 | L114: 0 | M114: 0 | N114: 0 | O114: 0 | P114: 0 | Q114: 0 | R114: 0 | S114: 1.75 | T114: 0 | U114: 0 | V114: 0 | X114: 12.9 | Y114: 161 | Z114: 7.6 | AA114: 55 | AB114: 204C x 70h, K214 O-ring, ASTM D1414 | AC114: 204 | AD114: =I114+J114+K114+L114+M114+N114+O114+P114 | AE114: 0 | AF114: 1 | AG114: 1 | AH114: 1 | AI114: 1
A115: G114 | B115: US6992143B2 | C115: DuPont Dow Elastomers LLC | D115: Example 4 | E115: FFKM | F115: FFKM A: TFE/PMVE/8-CNVE 68.2/31.0/0.80 mol% | G115: nitrile_triazine | H115: 100 | I115: 0 | J115: 10 | K115: 0 | L115: 0 | M115: 0 | N115: 0 | O115: 0 | P115: 0 | Q115: 0 | R115: 0 | S115: 0.3 | T115: 0 | U115: 0 | V115: 0 | X115: 7 | Y115: 204 | Z115: 2.4 | AA115: 15 | AB115: 204C x 70h, K214 O-ring, ASTM D1414 | AC115: 204 | AD115: =I115+J115+K115+L115+M115+N115+O115+P115 | AE115: 0 | AF115: 1 | AG115: 1 | AH115: 1 | AI115: 1
A116: G115 | B116: US6992143B2 | C116: DuPont Dow Elastomers LLC | D116: Comparative Example B | E116: FFKM | F116: FFKM A: TFE/PMVE/8-CNVE 68.2/31.0/0.80 mol% | G116: nitrile_triazine | H116: 100 | I116: 0 | J116: 10 | K116: 0 | L116: 0 | M116: 0 | N116: 0 | O116: 0 | P116: 0 | Q116: 0 | R116: 0 | S116: 0.3 | T116: 0 | U116: 0 | V116: 0 | X116: 7.5 | Y116: 199 | Z116: 4.2 | AA116: 38 | AB116: 204C x 70h, K214 O-ring, ASTM D1414 | AC116: 204 | AD116: =I116+J116+K116+L116+M116+N116+O116+P116 | AE116: 0 | AF116: 1 | AG116: 1 | AH116: 1 | AI116: 1
A117: G116 | B117: US5696189A | C117: EI Du Pont de Nemours and Co | D117: Comparative Example A | E117: FFKM | F117: TFE/PMVE/8-CNVE approx. 56/42/2 wt (per US4281092) | G117: nitrile_organotin | H117: 100 | I117: 12 | J117: 0 | K117: 0 | L117: 0 | M117: 0 | N117: 0 | O117: 0 | P117: 0 | Q117: 0 | R117: 0 | S117: 3 | T117: 0.3 | U117: 0 | V117: 0 | W117: 77 | X117: 14.34 | Y117: 145 | Z117: 6.62 | AA117: 24.5 | AB117: 200C x 70h, pellets, ASTM D395 | AC117: 200 | AD117: =I117+J117+K117+L117+M117+N117+O117+P117 | AE117: 1 | AF117: 1 | AG117: 1 | AH117: 1 | AI117: 1
A118: G117 | B118: US5696189A | C118: EI Du Pont de Nemours and Co | D118: Comparative Example B | E118: FFKM | F118: TFE/PMVE/8-CNVE approx. 56/42/2 wt (per US4281092) | G118: nitrile_organotin | H118: 100 | I118: 0 | J118: 0 | K118: 0 | L118: 0 | M118: 3 | N118: 10 | O118: 0 | P118: 0 | Q118: 0 | R118: 0 | S118: 2 | T118: 0.2 | U118: 0 | V118: 0 | W118: 65 | X118: 10.34 | Y118: 245 | Z118: 2.28 | AA118: 17.5 | AB118: 200C x 70h, pellets, ASTM D395 | AC118: 200 | AD118: =I118+J118+K118+L118+M118+N118+O118+P118 | AE118: 1 | AF118: 1 | AG118: 1 | AH118: 1 | AI118: 1
A119: G118 | B119: US5696189A | C119: EI Du Pont de Nemours and Co | D119: Example 1 | E119: FFKM | F119: TFE/PMVE/8-CNVE (42.5 wt% PMVE, 3.3 wt% 8-CNVE), ML-10(150C)=30 | G119: nitrile_organotin | H119: 100 | I119: 0 | J119: 10 | K119: 0 | L119: 0 | M119: 10 | N119: 10 | O119: 0 | P119: 0 | Q119: 0 | R119: 0 | S119: 1 | T119: 0 | U119: 1 | V119: 0 | W119: 76 | X119: 10.2 | Y119: 212 | Z119: 3.57 | AA119: 26 | AB119: 200C x 70h, pellets, ASTM D395 | AC119: 200 | AD119: =I119+J119+K119+L119+M119+N119+O119+P119 | AE119: 1 | AF119: 1 | AG119: 1 | AH119: 1 | AI119: 1
A120: G119 | B120: US5696189A | C120: EI Du Pont de Nemours and Co | D120: Example 2 | E120: FFKM | F120: TFE/PMVE/8-CNVE (42.5 wt% PMVE, 3.3 wt% 8-CNVE), ML-10(150C)=30 | G120: nitrile_organotin | H120: 100 | I120: 0 | J120: 0 | K120: 0 | L120: 12.5 | M120: 12.5 | N120: 12.5 | O120: 0 | P120: 0 | Q120: 0 | R120: 0 | S120: 1 | T120: 0 | U120: 1 | V120: 0 | W120: 76 | X120: 9.51 | Y120: 211 | Z120: 3.76 | AA120: 20 | AB120: 200C x 70h, pellets, ASTM D395 | AC120: 200 | AD120: =I120+J120+K120+L120+M120+N120+O120+P120 | AE120: 1 | AF120: 1 | AG120: 1 | AH120: 1 | AI120: 1
A121: G120 | B121: US5696189A | C121: EI Du Pont de Nemours and Co | D121: Example 3 | E121: FFKM | F121: TFE/PMVE/8-CNVE (42.5 wt% PMVE, 3.3 wt% 8-CNVE), ML-10(150C)=30 | G121: nitrile_organotin | H121: 100 | I121: 0 | J121: 0 | K121: 0 | L121: 17.5 | M121: 17.5 | N121: 5 | O121: 0 | P121: 0 | Q121: 0 | R121: 0 | S121: 1 | T121: 0 | U121: 1 | V121: 0 | W121: 75 | X121: 11.72 | Y121: 215 | Z121: 4.69 | AA121: 31.9 | AB121: 200C x 70h, pellets, ASTM D395 | AC121: 200 | AD121: =I121+J121+K121+L121+M121+N121+O121+P121 | AE121: 1 | AF121: 1 | AG121: 1 | AH121: 1 | AI121: 1
A122: G121 | B122: US5696189A | C122: EI Du Pont de Nemours and Co | D122: Example 4 | E122: FFKM | F122: TFE/PMVE/8-CNVE (42.5 wt% PMVE, 3.3 wt% 8-CNVE), ML-10(150C)=30 | G122: nitrile_organotin | H122: 100 | I122: 0 | J122: 0 | K122: 0 | L122: 12.5 | M122: 12.5 | N122: 12.5 | O122: 0 | P122: 0 | Q122: 1 | R122: 1 | S122: 2 | T122: 0 | U122: 1 | V122: 0 | W122: 79 | X122: 15.07 | Y122: 205 | Z122: 5.41 | AA122: 34 | AB122: 200C x 70h, pellets, ASTM D395 | AC122: 200 | AD122: =I122+J122+K122+L122+M122+N122+O122+P122 | AE122: 1 | AF122: 1 | AG122: 1 | AH122: 1 | AI122: 1
A123: G122 | B123: US5696189A | C123: EI Du Pont de Nemours and Co | D123: Example 5 | E123: FFKM | F123: TFE/PMVE/8-CNVE (42.5 wt% PMVE, 3.3 wt% 8-CNVE), ML-10(150C)=30 | G123: nitrile_organotin | H123: 100 | I123: 0 | J123: 17.5 | K123: 0 | L123: 0 | M123: 17.5 | N123: 5 | O123: 0 | P123: 0 | Q123: 1 | R123: 1 | S123: 2 | T123: 0 | U123: 1 | V123: 0 | W123: 82 | X123: 15.35 | Y123: 186 | Z123: 7.89 | AA123: 30.5 | AB123: 200C x 70h, pellets, ASTM D395 | AC123: 200 | AD123: =I123+J123+K123+L123+M123+N123+O123+P123 | AE123: 1 | AF123: 1 | AG123: 1 | AH123: 1 | AI123: 1
A124: G123 | B124: US5696189A | C124: EI Du Pont de Nemours and Co | D124: Example 6 | E124: FFKM | F124: TFE/PMVE/8-CNVE (42.5 wt% PMVE, 3.3 wt% 8-CNVE), ML-10(150C)=30 | G124: nitrile_organotin | H124: 100 | I124: 0 | J124: 17.5 | K124: 0 | L124: 0 | M124: 17.5 | N124: 5 | O124: 0 | P124: 0 | Q124: 1 | R124: 1 | S124: 2 | T124: 0 | U124: 0 | V124: 0 | W124: 80 | X124: 14.3 | Y124: 227 | Z124: 6.42 | AA124: 31.8 | AB124: 200C x 70h, pellets, ASTM D395 | AC124: 200 | AD124: =I124+J124+K124+L124+M124+N124+O124+P124 | AE124: 1 | AF124: 1 | AG124: 1 | AH124: 1 | AI124: 1
A125: G124 | B125: US5696189A | C125: EI Du Pont de Nemours and Co | D125: Example 7 | E125: FFKM | F125: TFE/PMVE/8-CNVE (42.5 wt% PMVE, 3.3 wt% 8-CNVE), ML-10(150C)=30 | G125: nitrile_organotin | H125: 100 | I125: 0 | J125: 0 | K125: 0 | L125: 0 | M125: 12.5 | N125: 12.5 | O125: 12.5 | P125: 0 | Q125: 1 | R125: 1 | S125: 2 | T125: 0 | U125: 1 | V125: 0 | W125: 78 | X125: 12.34 | Y125: 201 | Z125: 7.03 | AA125: 41.4 | AB125: 200C x 70h, pellets, ASTM D395 | AC125: 200 | AD125: =I125+J125+K125+L125+M125+N125+O125+P125 | AE125: 1 | AF125: 1 | AG125: 1 | AH125: 1 | AI125: 1
...

Sheet Stats
A1: 물성 | B1: 열 | C1: n (전체) | D1: 평균 | E1: 표준편차 | F1: 최소 | G1: 최대 | H1: n (모델 사용)
A2: 경도 (Shore A) | B2: hardness_shoreA | C2: =COUNT(Model_Data!$W$2:$W$334) | D2: =AVERAGE(Model_Data!$W$2:$W$334) | E2: =STDEV(Model_Data!$W$2:$W$334) | F2: =MIN(Model_Data!$W$2:$W$334) | G2: =MAX(Model_Data!$W$2:$W$334) | H2: =SUM(Model_Data!$AE$2:$AE$334)
A3: 인장강도 (MPa) | B3: tensile_MPa | C3: =COUNT(Model_Data!$X$2:$X$334) | D3: =AVERAGE(Model_Data!$X$2:$X$334) | E3: =STDEV(Model_Data!$X$2:$X$334) | F3: =MIN(Model_Data!$X$2:$X$334) | G3: =MAX(Model_Data!$X$2:$X$334) | H3: =SUM(Model_Data!$AF$2:$AF$334)
A4: 신율 (%) | B4: elongation_pct | C4: =COUNT(Model_Data!$Y$2:$Y$334) | D4: =AVERAGE(Model_Data!$Y$2:$Y$334) | E4: =STDEV(Model_Data!$Y$2:$Y$334) | F4: =MIN(Model_Data!$Y$2:$Y$334) | G4: =MAX(Model_Data!$Y$2:$Y$334) | H4: =SUM(Model_Data!$AG$2:$AG$334)
A5: 100% 모듈러스 (MPa) | B5: m100_MPa | C5: =COUNT(Model_Data!$Z$2:$Z$334) | D5: =AVERAGE(Model_Data!$Z$2:$Z$334) | E5: =STDEV(Model_Data!$Z$2:$Z$334) | F5: =MIN(Model_Data!$Z$2:$Z$334) | G5: =MAX(Model_Data!$Z$2:$Z$334) | H5: =SUM(Model_Data!$AH$2:$AH$334)
A6: 압축영구줄음률 (%) | B6: compression_set_pct | C6: =COUNT(Model_Data!$AA$2:$AA$334) | D6: =AVERAGE(Model_Data!$AA$2:$AA$334) | E6: =STDEV(Model_Data!$AA$2:$AA$334) | F6: =MIN(Model_Data!$AA$2:$AA$334) | G6: =MAX(Model_Data!$AA$2:$AA$334) | H6: =SUM(Model_Data!$AI$2:$AI$334)
A8: 주: 압축영구줄음률의 '모델 사용' 수는 시험온도 명시 및 60~100 h 조건을 만족하는 행만 집계

Sheet HP_Trials
A1: trial_no | B1: target | C1: experiment | D1: seed | E1: iter | F1: model | G1: kernel | H1: ard | I1: linear | J1: x_transform | K1: y_transform | L1: feature_set | M1: ls_init | N1: noise_init | O1: noise_floor | P1: n_restarts | Q1: R2 | R1: R2_std | S1: RMSE | T1: MAE | U1: cov95 | V1: NLPD | W1: sec
A2: 1 | B2: hardness_shoreA | C2: Exp0_baseline | F2: GP_sklearn_default | Q2: -1254.0676 | S2: 308.18954 | T2: 63.542448
A3: 2 | B3: hardness_shoreA | C3: Exp0_baseline | F3: Ridge | Q3: 0.53944432 | S3: 6.173915 | T3: 4.6484869
A4: 3 | B4: hardness_shoreA | C4: Exp0_baseline | F4: RandomForest | Q4: 0.66528392 | S4: 5.2508942 | T4: 3.6963845
A5: 4 | B5: hardness_shoreA | C5: Exp1_kernel_screen | F5: GP | G5: rbf | H5: TRUE | I5: FALSE | J5: log1p | K5: none | L5: full | M5: 0 | N5: -1 | O5: -4 | P5: 1 | Q5: 0.6425192 | R5: 0 | S5: 5.439351 | T5: 3.7851599 | U5: 0.90607735 | V5: 3.3341568 | W5: 36.122318
A6: 5 | B6: hardness_shoreA | C6: Exp1_kernel_screen | F6: GP | G6: rbf | H6: FALSE | I6: FALSE | J6: log1p | K6: none | L6: full | M6: 0 | N6: -1 | O6: -4 | P6: 1 | Q6: 0.67576938 | R6: 0 | S6: 5.1802144 | T6: 3.625807 | U6: 0.90607735 | V6: 3.2026274 | W6: 1.0782564
A7: 6 | B7: hardness_shoreA | C7: Exp1_kernel_screen | F7: GP | G7: matern12 | H7: TRUE | I7: FALSE | J7: log1p | K7: none | L7: full | M7: 0 | N7: -1 | O7: -4 | P7: 1 | Q7: 0.62319856 | R7: 0 | S7: 5.5844062 | T7: 3.7923474 | U7: 0.91160221 | V7: 3.3565506 | W7: 44.54969
A8: 7 | B8: hardness_shoreA | C8: Exp1_kernel_screen | F8: GP | G8: matern12 | H8: FALSE | I8: FALSE | J8: log1p | K8: none | L8: full | M8: 0 | N8: -1 | O8: -4 | P8: 1 | Q8: 0.66190966 | R8: 0 | S8: 5.2897738 | T8: 3.5903853 | U8: 0.93370166 | V8: 3.2721132 | W8: 1.3095052
A9: 8 | B9: hardness_shoreA | C9: Exp1_kernel_screen | F9: GP | G9: matern32 | H9: TRUE | I9: FALSE | J9: log1p | K9: none | L9: full | M9: 0 | N9: -1 | O9: -4 | P9: 1 | Q9: 0.6118849 | R9: 0 | S9: 5.6676235 | T9: 3.8292745 | U9: 0.90607735 | V9: 3.4227393 | W9: 42.224617
A10: 9 | B10: hardness_shoreA | C10: Exp1_kernel_screen | F10: GP | G10: matern32 | H10: FALSE | I10: FALSE | J10: log1p | K10: none | L10: full | M10: 0 | N10: -1 | O10: -4 | P10: 1 | Q10: 0.66346065 | R10: 0 | S10: 5.2776264 | T10: 3.5818602 | U10: 0.91712707 | V10: 3.2369621 | W10: 2.3322313
A11: 10 | B11: hardness_shoreA | C11: Exp1_kernel_screen | F11: GP | G11: matern52 | H11: TRUE | I11: FALSE | J11: log1p | K11: none | L11: full | M11: 0 | N11: -1 | O11: -4 | P11: 1 | Q11: 0.63923179 | R11: 0 | S11: 5.464304 | T11: 3.665541 | U11: 0.90055249 | V11: 3.3828859 | W11: 39.087146
A12: 11 | B12: hardness_shoreA | C12: Exp1_kernel_screen | F12: GP | G12: matern52 | H12: FALSE | I12: FALSE | J12: log1p | K12: none | L12: full | M12: 0 | N12: -1 | O12: -4 | P12: 1 | Q12: 0.66546925 | R12: 0 | S12: 5.2618534 | T12: 3.6011893 | U12: 0.90607735 | V12: 3.2333393 | W12: 1.5401187
A13: 12 | B13: hardness_shoreA | C13: Exp1_kernel_screen | F13: GP | G13: rq | H13: FALSE | I13: FALSE | J13: log1p | K13: none | L13: full | M13: 0 | N13: -1 | O13: -4 | P13: 1 | Q13: 0.66909363 | R13: 0 | S13: 5.2332717 | T13: 3.5428046 | U13: 0.92265193 | V13: 3.2369711 | W13: 2.3912663
A14: 13 | B14: hardness_shoreA | C14: Exp2_BO | D14: 0 | E14: 0 | F14: GP | G14: rq | H14: FALSE | I14: TRUE | J14: std | K14: none | L14: full | M14: -0.96694473 | N14: -0.56018928 | O14: -2.3489777 | P14: 1 | Q14: 0.70198792 | R14: 0 | S14: 4.9663538 | T14: 3.3020077 | U14: 0.91712707 | V14: 3.2350098 | W14: 4.9191427
A15: 14 | B15: hardness_shoreA | C15: Exp2_BO | D15: 0 | E15: 1 | F15: GP | G15: matern32 | H15: FALSE | I15: TRUE | J15: log1p | K15: log | L15: full_cure6 | M15: 0.87014485 | N15: -0.55243934 | O15: -5.989046 | P15: 1 | Q15: 0.65824071 | R15: 0 | S15: 5.3183986 | T15: 3.6353136 | U15: 0.93370166 | V15: 3.3068409 | W15: 3.7536476
A16: 15 | B16: hardness_shoreA | C16: Exp2_BO | D16: 0 | E16: 2 | F16: GP | G16: matern12 | H16: FALSE | I16: TRUE | J16: std | K16: log | L16: full_cure6 | M16: -0.64868876 | N16: -0.41046323 | O16: -3.8341551 | P16: 1 | Q16: 0.66610518 | R16: 0 | S16: 5.2568497 | T16: 3.3615822 | U16: 0.9281768 | V16: 3.3292148 | W16: 3.2703688
A17: 16 | B17: hardness_shoreA | C17: Exp2_BO | D17: 0 | E17: 3 | F17: GP | G17: rbf | H17: TRUE | I17: FALSE | J17: std | K17: none | L17: full | M17: -0.75143345 | N17: -0.98812676 | O17: -3.411242 | P17: 1 | Q17: 0.55000671 | R17: 0 | S17: 6.1027241 | T17: 3.9324685 | U17: 0.88950276 | V17: 3.3830628 | W17: 22.734005
A18: 17 | B18: hardness_shoreA | C18: Exp2_BO | D18: 0 | E18: 4 | F18: GP | G18: matern12 | H18: FALSE | I18: TRUE | J18: std | K18: none | L18: compact | M18: 0.96167068 | N18: -0.94337405 | O18: -3.3981629 | P18: 1 | Q18: 0.67482451 | R18: 0 | S18: 5.187757 | T18: 3.4727111 | U18: 0.9281768 | V18: 3.270447 | W18: 4.1964545
A19: 18 | B19: hardness_shoreA | C19: Exp2_BO | D19: 0 | E19: 5 | F19: GP | G19: rq | H19: FALSE | I19: TRUE | J19: std | K19: log | L19: full | M19: 0.44297668 | N19: -1.423937 | O19: -4.7590325 | P19: 1 | Q19: 0.70606057 | R19: 0 | S19: 4.9323018 | T19: 3.3204284 | U19: 0.93370166 | V19: 3.2436967 | W19: 5.8590288
A20: 19 | B20: hardness_shoreA | C20: Exp2_BO | D20: 0 | E20: 6 | F20: GP | G20: matern32 | H20: TRUE | I20: TRUE | J20: log1p | K20: none | L20: compact | M20: -0.28440961 | N20: -1.2854105 | O20: -4.7125224 | P20: 1 | Q20: 0.70029062 | R20: 0 | S20: 4.9804764 | T20: 3.2539994 | U20: 0.92265193 | V20: 3.3076737 | W20: 27.354702
A21: 20 | B21: hardness_shoreA | C21: Exp2_BO | D21: 0 | E21: 7 | F21: GP | G21: matern52 | H21: FALSE | I21: TRUE | J21: std | K21: log | L21: full_agg | M21: 0.7805487 | N21: -2.3185272 | O21: -3.5072514 | P21: 1 | Q21: 0.70080012 | R21: 0 | S21: 4.9762413 | T21: 3.301671 | U21: 0.93370166 | V21: 3.245144 | W21: 5.1888359
A22: 21 | B22: hardness_shoreA | C22: Exp2_BO | D22: 0 | E22: 8 | F22: GP | G22: rq | H22: FALSE | I22: TRUE | J22: log1p | K22: log | L22: full | M22: 0.44297668 | N22: -1.423937 | O22: -4.7590325 | P22: 1 | Q22: 0.66513194 | R22: 0 | S22: 5.2645055 | T22: 3.6280957 | U22: 0.91712707 | V22: 3.3327265 | W22: 4.9569364
A23: 22 | B23: hardness_shoreA | C23: Exp2_BO | D23: 0 | E23: 9 | F23: GP | G23: matern32 | H23: TRUE | I23: TRUE | J23: std | K23: none | L23: compact | M23: -0.66027111 | N23: -0.94846492 | O23: -4.1821574 | P23: 1 | Q23: 0.70733219 | R23: 0 | S23: 4.9216213 | T23: 3.280292 | U23: 0.9281768 | V23: 3.2593122 | W23: 32.649101
A24: 23 | B24: hardness_shoreA | C24: Exp2_BO | D24: 0 | E24: 10 | F24: GP | G24: rbf | H24: TRUE | I24: TRUE | J24: std | K24: log | L24: full | M24: 0.84386468 | N24: -0.3109997 | O24: -4.8246966 | P24: 1 | Q24: 0.69699361 | R24: 0 | S24: 5.0077958 | T24: 3.240205 | U24: 0.92265193 | V24: 3.4193862 | W24: 24.855556
A25: 24 | B25: hardness_shoreA | C25: Exp2_BO | D25: 0 | E25: 11 | F25: GP | G25: matern12 | H25: FALSE | I25: FALSE | J25: log1p | K25: log | L25: compact | M25: 0.84508487 | N25: -2.7779609 | O25: -3.9154277 | P25: 1 | Q25: 0.65845195 | R25: 0 | S25: 5.3167547 | T25: 3.6708755 | U25: 0.9281768 | V25: 3.3399463 | W25: 1.4920294
... A103: 102 | B103: hardness_shoreA | C103: Exp2_BO | D103: 2 | E103: 29 | F103: GP | G103: rq | H103: FALSE | I103: FALSE | J103: std | K103: log | L103: full_agg | M103: -0.97271276 | N103: -2.4853305 | O103: -2.3130005 | P103: 1 | Q103: 0.70663327 | R103: 0 | S103: 4.9274945 | T103: 3.2148653 | U103: 0.93370166 | V103: 3.2353292 | W103: 3.0695105
A104: 103 | B104: hardness_shoreA | C104: Exp3_robust | F104: GP | G104: matern32 | H104: TRUE | I104: TRUE | J104: log1p | K104: log | L104: full_agg | M104: -0.87530084 | N104: -1.0760155 | O104: -2.5894686 | P104: 3 | Q104: 0.73582398 | R104: 0.017681148 | S104: 4.6731806 | T104: 3.1569921 | U104: 0.92707182 | V104: 3.2795468 | W104: 501.87118
A105: 104 | B105: hardness_shoreA | C105: Exp3_robust | F105: GP | G105: matern12 | H105: TRUE | I105: TRUE | J105: std | K105: none | L105: compact | M105: 0.32434573 | N105: -0.26015337 | O105: -4.1773977 | P105: 3 | Q105: 0.69482907 | R105: 0.038724799 | S105: 5.0158086 | T105: 3.1890584 | U105: 0.9281768 | V105: 3.1561002 | W105: 374.1475
A106: 105 | B106: hardness_shoreA | C106: Exp3_robust | F106: GP | G106: matern32 | H106: TRUE | I106: FALSE | J106: log1p | K106: log | L106: compact | M106: 0.98714854 | N106: -0.055820741 | O106: -5.484084 | P106: 3 | Q106: 0.71217678 | R106: 0.0086840922 | S106: 4.8801628 | T106: 3.3707598 | U106: 0.92486188 | V106: 3.1947675 | W106: 252.64687
A107: 106 | B107: tensile_MPa | C107: Exp0_baseline | F107: GP_sklearn_default | Q107: -171.87672 | S107: 65.901807 | T107: 15.374161
A108: 107 | B108: tensile_MPa | C108: Exp0_baseline | F108: Ridge | Q108: -0.066557577 | S108: 5.0291803 | T108: 3.1695374
A109: 108 | B109: tensile_MPa | C109: Exp0_baseline | F109: RandomForest | Q109: 0.61676109 | S109: 3.1401334 | T109: 2.3459949
A110: 109 | B110: tensile_MPa | C110: Exp1_kernel_screen | F110: GP | G110: rbf | H110: TRUE | I110: FALSE | J110: log1p | K110: none | L110: full | M110: 0 | N110: -1 | O110: -4 | P110: 1 | Q110: 0.62191042 | R110: 0 | S110: 3.1189999 | T110: 2.3773916 | U110: 0.9 | V110: 2.5925879 | W110: 43.502146
A111: 110 | B111: tensile_MPa | C111: Exp1_kernel_screen | F111: GP | G111: rbf | H111: FALSE | I111: FALSE | J111: log1p | K111: none | L111: full | M111: 0 | N111: -1 | O111: -4 | P111: 1 | Q111: 0.67392994 | R111: 0 | S111: 2.8964995 | T111: 2.3059981 | U111: 0.93809524 | V111: 2.5056544 | W111: 1.3214846
A112: 111 | B112: tensile_MPa | C112: Exp1_kernel_screen | F112: GP | G112: matern12 | H112: TRUE | I112: FALSE | J112: log1p | K112: none | L112: full | M112: 0 | N112: -1 | O112: -4 | P112: 1 | Q112: 0.61222495 | R112: 0 | S112: 3.1586968 | T112: 2.3714313 | U112: 0.90952381 | V112: 2.6049958 | W112: 45.397002
A113: 112 | B113: tensile_MPa | C113: Exp1_kernel_screen | F113: GP | G113: matern12 | H113: FALSE | I113: FALSE | J113: log1p | K113: none | L113: full | M113: 0 | N113: -1 | O113: -4 | P113: 1 | Q113: 0.67563539 | R113: 0 | S113: 2.8889148 | T113: 2.222529 | U113: 0.93333333 | V113: 2.5116822 | W113: 1.4979501
A114: 113 | B114: tensile_MPa | C114: Exp1_kernel_screen | F114: GP | G114: matern32 | H114: TRUE | I114: FALSE | J114: log1p | K114: none | L114: full | M114: 0 | N114: -1 | O114: -4 | P114: 1 | Q114: 0.63623259 | R114: 0 | S114: 3.0593552 | T114: 2.3339663 | U114: 0.92857143 | V114: 2.5668326 | W114: 47.235453
A115: 114 | B115: tensile_MPa | C115: Exp1_kernel_screen | F115: GP | G115: matern32 | H115: FALSE | I115: FALSE | J115: log1p | K115: none | L115: full | M115: 0 | N115: -1 | O115: -4 | P115: 1 | Q115: 0.67564258 | R115: 0 | S115: 2.8888828 | T115: 2.2785363 | U115: 0.93333333 | V115: 2.5063113 | W115: 1.7824154
A116: 115 | B116: tensile_MPa | C116: Exp1_kernel_screen | F116: GP | G116: matern52 | H116: TRUE | I116: FALSE | J116: log1p | K116: none | L116: full | M116: 0 | N116: -1 | O116: -4 | P116: 1 | Q116: 0.62840818 | R116: 0 | S116: 3.0920825 | T116: 2.3275141 | U116: 0.9047619 | V116: 2.5838903 | W116: 48.380329
A117: 116 | B117: tensile_MPa | C117: Exp1_kernel_screen | F117: GP | G117: matern52 | H117: FALSE | I117: FALSE | J117: log1p | K117: none | L117: full | M117: 0 | N117: -1 | O117: -4 | P117: 1 | Q117: 0.67512436 | R117: 0 | S117: 2.8911896 | T117: 2.2914519 | U117: 0.93809524 | V117: 2.506281 | W117: 1.7375987
A118: 117 | B118: tensile_MPa | C118: Exp1_kernel_screen | F118: GP | G118: rq | H118: FALSE | I118: FALSE | J118: log1p | K118: none | L118: full | M118: 0 | N118: -1 | O118: -4 | P118: 1 | Q118: 0.67365044 | R118: 0 | S118: 2.8977407 | T118: 2.3057013 | U118: 0.93809524 | V118: 2.5060212 | W118: 4.5501578
A119: 118 | B119: tensile_MPa | C119: Exp2_BO | D119: 0 | E119: 0 | F119: GP | G119: rq | H119: FALSE | I119: TRUE | J119: std | K119: none | L119: full | M119: -0.96694473 | N119: -0.56018928 | O119: -2.3489777 | P119: 1 | Q119: 0.064762804 | R119: 0 | S119: 4.9054504 | T119: 2.8134463 | U119: 0.91904762 | V119: 2.606022 | W119: 7.4702995
A120: 119 | B120: tensile_MPa | C120: Exp2_BO | D120: 0 | E120: 1 | F120: GP | G120: matern32 | H120: FALSE | I120: TRUE | J120: log1p | K120: log | L120: full_cure6 | M120: 0.87014485 | N120: -0.55243934 | O120: -5.989046 | P120: 1 | Q120: 0.66916524 | R120: 0 | S120: 2.9175853 | T120: 2.2594624 | U120: 0.93809524 | V120: 2.4982719 | W120: 4.9505267
A121: 120 | B121: tensile_MPa | C121: Exp2_BO | D121: 0 | E121: 2 | F121: GP | G121: matern12 | H121: FALSE | I121: TRUE | J121: std | K121: log | L121: full_cure6 | M121: -0.64868876 | N121: -0.41046323 | O121: -3.8341551 | P121: 1 | Q121: 0.63482931 | R121: 0 | S121: 3.0652504 | T121: 2.3580173 | U121: 0.93809524 | V121: 2.5596815 | W121: 4.1762855
A122: 121 | B122: tensile_MPa | C122: Exp2_BO | D122: 0 | E122: 3 | F122: GP | G122: rbf | H122: TRUE | I122: FALSE | J122: std | K122: none | L122: full | M122: -0.75143345 | N122: -0.98812676 | O122: -3.411242 | P122: 1 | Q122: 0.52623401 | R122: 0 | S122: 3.4914027 | T122: 2.5272932 | U122: 0.88571429 | V122: 2.6268459 | W122: 28.273804
A123: 122 | B123: tensile_MPa | C123: Exp2_BO | D123: 0 | E123: 4 | F123: GP | G123: matern12 | H123: FALSE | I123: TRUE | J123: std | K123: none | L123: compact | M123: 0.96167068 | N123: -0.94337405 | O123: -3.3981629 | P123: 1 | Q123: 0.46298048 | R123: 0 | S123: 3.7171753 | T123: 2.7112666 | U123: 0.93333333 | V123: 2.6545329 | W123: 7.4297493
A124: 123 | B124: tensile_MPa | C124: Exp2_BO | D124: 0 | E124: 5 | F124: GP | G124: rq | H124: FALSE | I124: TRUE | J124: std | K124: log | L124: full | M124: 0.44297668 | N124: -1.423937 | O124: -4.7590325 | P124: 1 | Q124: 0.56982997 | R124: 0 | S124: 3.3268872 | T124: 2.5239126 | U124: 0.94761905 | V124: 2.5812421 | W124: 7.6812096
A125: 124 | B125: tensile_MPa | C125: Exp2_BO | D125: 0 | E125: 6 | F125: GP | G125: matern32 | H125: TRUE | I125: TRUE | J125: log1p | K125: none | L125: compact | M125: -0.28440961 | N125: -1.2854105 | O125: -4.7125224 | P125: 1 | Q125: 0.58776138 | R125: 0 | S125: 3.2568094 | T125: 2.3805979 | U125: 0.92857143 | V125: 2.5821684 | W125: 33.301496
A126: 125 | B126: tensile_MPa | C126: Exp2_BO | D126: 0 | E126: 7 | F126: GP | G126: matern52 | H126: FALSE | I126: TRUE | J126: std | K126: log | L126: full_agg | M126: 0.7805487 | N126: -2.3185272 | O126: -3.5072514 | P126: 1 | Q126: 0.55083383 | R126: 0 | S126: 3.3995507 | T126: 2.5374357 | U126: 0.95238095 | V126: 2.5719294 | W126: 8.2179654
A127: 126 | B127: tensile_MPa | C127: Exp2_BO | D127: 0 | E127: 8 | F127: GP | G127: matern32 | H127: FALSE | I127: TRUE | J127: log1p | K127: log | L127: compact | M127: 0.87014485 | N127: -0.55243934 | O127: -5.989046 | P127: 1 | Q127: 0.51349909 | R127: 0 | S127: 3.5380163 | T127: 2.7538042 | U127: 0.91904762 | V127: 2.8027999 | W127: 5.4864099
A128: 127 | B128: tensile_MPa | C128: Exp2_BO | D128: 0 | E128: 9 | F128: GP | G128: matern32 | H128: TRUE | I128: TRUE | J128: log1p | K128: none | L128: full | M128: -0.51096597 | N128: -1.8903272 | O128: -4.8135468 | P128: 1 | Q128: 0.60938168 | R128: 0 | S128: 3.1702558 | T128: 2.3778051 | U128: 0.9047619 | V128: 2.5957692 | W128: 69.745668
A129: 128 | B129: tensile_MPa | C129: Exp2_BO | D129: 0 | E129: 10 | F129: GP | G129: matern52 | H129: FALSE | I129: FALSE | J129: std | K129: log | L129: full_cure6 | M129: -0.29034984 | N129: -2.9078986 | O129: -5.0714804 | P129: 1 | Q129: 0.57379266 | R129: 0 | S129: 3.3115283 | T129: 2.4858687 | U129: 0.92857143 | V129: 2.5663573 | W129: 1.8220298
A130: 129 | B130: tensile_MPa | C130: Exp2_BO | D130: 0 | E130: 11 | F130: GP | G130: rbf | H130: TRUE | I130: TRUE | J130: log1p | K130: log | L130: full_cure6 | M130: 0.97789026 | N130: -2.9666477 | O130: -4.553486 | P130: 1 | Q130: 0.5535126 | R130: 0 | S130: 3.3893983 | T130: 2.5473483 | U130: 0.89047619 | V130: 2.877802 | W130: 23.614028
... A208: 207 | B208: tensile_MPa | C208: Exp2_BO | D208: 2 | E208: 29 | F208: GP | G208: rq | H208: FALSE | I208: FALSE | J208: log1p | K208: log | L208: full_cure6 | M208: -0.67598305 | N208: -1.9215642 | O208: -3.2234134 | P208: 1 | Q208: 0.6713952 | R208: 0 | S208: 2.9077359 | T208: 2.2773281 | U208: 0.94761905 | V208: 2.5070387 | W208: 4.2556021
A209: 208 | B209: tensile_MPa | C209: Exp3_robust | F209: GP | G209: matern32 | H209: FALSE | I209: FALSE | J209: log1p | K209: none | L209: full_cure6 | M209: 0.98273534 | N209: -0.93415496 | O209: -3.3994311 | P209: 3 | Q209: 0.68905835 | R209: 0.014215412 | S209: 2.8277745 | T209: 2.1652456 | U209: 0.93333333 | V209: 2.4802089 | W209: 25.607849
A210: 209 | B210: tensile_MPa | C210: Exp3_robust | F210: GP | G210: matern12 | H210: FALSE | I210: FALSE | J210: log1p | K210: none | L210: full_cure6 | M210: 0.99284829 | N210: -2.9601722 | O210: -2.2687213 | P210: 3 | Q210: 0.69115808 | R210: 0.0099590656 | S210: 2.8185775 | T210: 2.1496505 | U210: 0.94761905 | V210: 2.4751689 | W210: 29.323171
A211: 210 | B211: tensile_MPa | C211: Exp3_robust | F211: GP | G211: matern52 | H211: FALSE | I211: FALSE | J211: log1p | K211: none | L211: full_cure6 | M211: 0.65500462 | N211: -1.4649819 | O211: -2.2349032 | P211: 3 | Q211: 0.68533529 | R211: 0.014053549 | S211: 2.8446859 | T211: 2.1832372 | U211: 0.93142857 | V211: 2.4856061 | W211: 26.989553
A212: 211 | B212: elongation_pct | C212: Exp0_baseline | F212: GP_sklearn_default | Q212: -6466.2222 | S212: 3939.3981 | T212: 495.27457
A213: 212 | B213: elongation_pct | C213: Exp0_baseline | F213: Ridge | Q213: 0.42401785 | S213: 42.923717 | T213: 32.65484
A214: 213 | B214: elongation_pct | C214: Exp0_baseline | F214: RandomForest | Q214: 0.4992156 | S214: 40.029881 | T214: 28.272723
A215: 214 | B215: elongation_pct | C215: Exp1_kernel_screen | F215: GP | G215: rbf | H215: TRUE | I215: FALSE | J215: log1p | K215: none | L215: full | M215: 0 | N215: -1 | O215: -4 | P215: 1 | Q215: 0.59095776 | R215: 0 | S215: 36.179654 | T215: 26.304089 | U215: 0.91666667 | V215: 5.099723 | W215: 43.311339
A216: 215 | B216: elongation_pct | C216: Exp1_kernel_screen | F216: GP | G216: rbf | H216: FALSE | I216: FALSE | J216: log1p | K216: none | L216: full | M216: 0 | N216: -1 | O216: -4 | P216: 1 | Q216: 0.49616429 | R216: 0 | S216: 40.153629 | T216: 29.854177 | U216: 0.93518519 | V216: 5.1550501 | W216: 1.8201554
A217: 216 | B217: elongation_pct | C217: Exp1_kernel_screen | F217: GP | G217: matern12 | H217: TRUE | I217: FALSE | J217: log1p | K217: none | L217: full | M217: 0 | N217: -1 | O217: -4 | P217: 1 | Q217: 0.62227223 | R217: 0 | S217: 34.767206 | T217: 24.922569 | U217: 0.92592593 | V217: 5.0797348 | W217: 48.21039
A218: 217 | B218: elongation_pct | C218: Exp1_kernel_screen | F218: GP | G218: matern12 | H218: FALSE | I218: FALSE | J218: log1p | K218: none | L218: full | M218: 0 | N218: -1 | O218: -4 | P218: 1 | Q218: 0.50945013 | R218: 0 | S218: 39.620679 | T218: 29.138299 | U218: 0.93055556 | V218: 5.1639856 | W218: 2.1105952
A219: 218 | B219: elongation_pct | C219: Exp1_kernel_screen | F219: GP | G219: matern32 | H219: TRUE | I219: FALSE | J219: log1p | K219: none | L219: full | M219: 0 | N219: -1 | O219: -4 | P219: 1 | Q219: 0.6211442 | R219: 0 | S219: 34.819081 | T219: 24.94041 | U219: 0.92592593 | V219: 5.0748818 | W219: 44.673515
A220: 219 | B220: elongation_pct | C220: Exp1_kernel_screen | F220: GP | G220: matern32 | H220: FALSE | I220: FALSE | J220: log1p | K220: none | L220: full | M220: 0 | N220: -1 | O220: -4 | P220: 1 | Q220: 0.50703951 | R220: 0 | S220: 39.71791 | T220: 29.452629 | U220: 0.93055556 | V220: 5.1456406 | W220: 1.9767807
A221: 220 | B221: elongation_pct | C221: Exp1_kernel_screen | F221: GP | G221: matern52 | H221: TRUE | I221: FALSE | J221: log1p | K221: none | L221: full | M221: 0 | N221: -1 | O221: -4 | P221: 1 | Q221: 0.61224855 | R221: 0 | S221: 35.22549 | T221: 25.414612 | U221: 0.92592593 | V221: 5.0879848 | W221: 43.647029
A222: 221 | B222: elongation_pct | C222: Exp1_kernel_screen | F222: GP | G222: matern52 | H222: FALSE | I222: FALSE | J222: log1p | K222: none | L222: full | M222: 0 | N222: -1 | O222: -4 | P222: 1 | Q222: 0.50194668 | R222: 0 | S222: 39.922548 | T222: 29.598539 | U222: 0.93055556 | V222: 5.1493071 | W222: 1.9234073
A223: 222 | B223: elongation_pct | C223: Exp1_kernel_screen | F223: GP | G223: rq | H223: FALSE | I223: FALSE | J223: log1p | K223: none | L223: full | M223: 0 | N223: -1 | O223: -4 | P223: 1 | Q223: 0.50021556 | R223: 0 | S223: 39.991869 | T223: 29.762957 | U223: 0.92592593 | V223: 5.1799417 | W223: 3.9131951
A224: 223 | B224: elongation_pct | C224: Exp2_BO | D224: 0 | E224: 0 | F224: GP | G224: rq | H224: FALSE | I224: TRUE | J224: std | K224: none | L224: full | M224: -0.96694473 | N224: -0.56018928 | O224: -2.3489777 | P224: 1 | Q224: 0.53453822 | R224: 0 | S224: 38.594227 | T224: 28.198239 | U224: 0.92592593 | V224: 5.1375737 | W224: 9.0840025
A225: 224 | B225: elongation_pct | C225: Exp2_BO | D225: 0 | E225: 1 | F225: GP | G225: matern32 | H225: FALSE | I225: TRUE | J225: log1p | K225: log | L225: full_cure6 | M225: 0.87014485 | N225: -0.55243934 | O225: -5.989046 | P225: 1 | Q225: 0.5418803 | R225: 0 | S225: 38.288629 | T225: 27.740914 | U225: 0.91203704 | V225: 5.0903496 | W225: 5.6565003
A226: 225 | B226: elongation_pct | C226: Exp2_BO | D226: 0 | E226: 2 | F226: GP | G226: matern12 | H226: FALSE | I226: TRUE | J226: std | K226: log | L226: full_cure6 | M226: -0.64868876 | N226: -0.41046323 | O226: -3.8341551 | P226: 1 | Q226: 0.55230732 | R226: 0 | S226: 37.850388 | T226: 27.209557 | U226: 0.91666667 | V226: 5.0934346 | W226: 5.0095506
A227: 226 | B227: elongation_pct | C227: Exp2_BO | D227: 0 | E227: 3 | F227: GP | G227: rbf | H227: TRUE | I227: FALSE | J227: std | K227: none | L227: full | M227: -0.75143345 | N227: -0.98812676 | O227: -3.411242 | P227: 1 | Q227: 0.4776137 | R227: 0 | S227: 40.88615 | T227: 28.633547 | U227: 0.92592593 | V227: 5.2007938 | W227: 28.413092
A228: 227 | B228: elongation_pct | C228: Exp2_BO | D228: 0 | E228: 4 | F228: GP | G228: matern12 | H228: FALSE | I228: TRUE | J228: std | K228: none | L228: compact | M228: 0.96167068 | N228: -0.94337405 | O228: -3.3981629 | P228: 1 | Q228: 0.60070734 | R228: 0 | S228: 35.74588 | T228: 25.481913 | U228: 0.93055556 | V228: 5.1057781 | W228: 5.5224309
A229: 228 | B229: elongation_pct | C229: Exp2_BO | D229: 0 | E229: 5 | F229: GP | G229: rq | H229: FALSE | I229: TRUE | J229: std | K229: log | L229: full | M229: 0.44297668 | N229: -1.423937 | O229: -4.7590325 | P229: 1 | Q229: 0.5281904 | R229: 0 | S229: 38.856504 | T229: 28.235384 | U229: 0.92592593 | V229: 5.1894229 | W229: 11.505567
A230: 229 | B230: elongation_pct | C230: Exp2_BO | D230: 0 | E230: 6 | F230: GP | G230: matern32 | H230: TRUE | I230: TRUE | J230: log1p | K230: none | L230: compact | M230: -0.28440961 | N230: -1.2854105 | O230: -4.7125224 | P230: 1 | Q230: 0.59591564 | R230: 0 | S230: 35.959724 | T230: 25.547452 | U230: 0.93055556 | V230: 5.153312 | W230: 33.154913
A231: 230 | B231: elongation_pct | C231: Exp2_BO | D231: 0 | E231: 7 | F231: GP | G231: matern52 | H231: FALSE | I231: TRUE | J231: std | K231: log | L231: full_agg | M231: 0.7805487 | N231: -2.3185272 | O231: -3.5072514 | P231: 1 | Q231: 0.52903934 | R231: 0 | S231: 38.82153 | T231: 28.294398 | U231: 0.9212963 | V231: 5.1773808 | W231: 7.2352719
A232: 231 | B232: elongation_pct | C232: Exp2_BO | D232: 0 | E232: 8 | F232: GP | G232: matern32 | H232: FALSE | I232: FALSE | J232: std | K232: log | L232: full | M232: 0.69658242 | N232: -2.5635794 | O232: -4.3739587 | P232: 1 | Q232: 0.49961246 | R232: 0 | S232: 40.015991 | T232: 29.817856 | U232: 0.93055556 | V232: 5.1889245 | W232: 3.3115692
A233: 232 | B233: elongation_pct | C233: Exp2_BO | D233: 0 | E233: 9 | F233: GP | G233: rbf | H233: FALSE | I233: TRUE | J233: std | K233: none | L233: compact | M233: 0.52863901 | N233: -0.015131072 | O233: -5.477584 | P233: 1 | Q233: 0.59447369 | R233: 0 | S233: 36.023827 | T233: 25.616383 | U233: 0.93055556 | V233: 5.0839016 | W233: 5.2926254
A234: 233 | B234: elongation_pct | C234: Exp2_BO | D234: 0 | E234: 10 | F234: GP | G234: matern12 | H234: FALSE | I234: FALSE | J234: std | K234: none | L234: compact | M234: 0.96167068 | N234: -0.94337405 | O234: -3.3981629 | P234: 1 | Q234: 0.58047346 | R234: 0 | S234: 36.640387 | T234: 26.391727 | U234: 0.93055556 | V234: 5.1123315 | W234: 1.5115814
A235: 234 | B235: elongation_pct | C235: Exp2_BO | D235: 0 | E235: 11 | F235: GP | G235: matern12 | H235: FALSE | I235: TRUE | J235: log1p | K235: log | L235: compact | M235: 0.58933335 | N235: -1.4919328 | O235: -2.387078 | P235: 1 | Q235: 0.57583932 | R235: 0 | S235: 36.842198 | T235: 26.73022 | U235: 0.93518519 | V235: 5.1650151 | W235: 4.6079044
... A313: 312 | B313: elongation_pct | C313: Exp2_BO | D313: 2 | E313: 29 | F313: GP | G313: matern12 | H313: FALSE | I313: TRUE | J313: std | K313: log | L313: compact | M313: 0.62162765 | N313: -1.2823286 | O313: -4.1711727 | P313: 1 | Q313: 0.59578005 | R313: 0 | S313: 35.965757 | T313: 25.602086 | U313: 0.93055556 | V313: 5.1506421 | W313: 10.091881
A314: 313 | B314: elongation_pct | C314: Exp3_robust | F314: GP | G314: matern12 | H314: TRUE | I314: TRUE | J314: std | K314: none | L314: compact | M314: -0.28993232 | N314: -2.969554 | O314: -2.7067584 | P314: 3 | Q314: 0.62731379 | R314: 0.023186374 | S314: 34.518085 | T314: 24.363285 | U314: 0.93425926 | V314: 5.0421807 | W314: 507.581
A315: 314 | B315: elongation_pct | C315: Exp3_robust | F315: GP | G315: matern12 | H315: TRUE | I315: TRUE | J315: std | K315: log | L315: compact | M315: -0.48660648 | N315: -0.0068929362 | O315: -4.6606026 | P315: 3 | Q315: 0.63014928 | R315: 0.011932667 | S315: 34.398389 | T315: 24.21496 | U315: 0.93055556 | V315: 5.1161622 | W315: 416.18025
A316: 315 | B316: elongation_pct | C316: Exp3_robust | F316: GP | G316: matern52 | H316: TRUE | I316: TRUE | J316: std | K316: log | L316: compact | M316: -0.8479962 | N316: -2.9461425 | O316: -2.2399856 | P316: 3 | Q316: 0.62529375 | R316: 0.0075175721 | S316: 34.626125 | T316: 24.621539 | U316: 0.93148148 | V316: 5.1198179 | W316: 316.02466
A317: 316 | B317: m100_MPa | C317: Exp0_baseline | F317: GP_sklearn_default | Q317: -1198.9414 | S317: 129.91103 | T317: 22.381386
A318: 317 | B318: m100_MPa | C318: Exp0_baseline | F318: Ridge | Q318: 0.45827388 | S318: 2.7749538 | T318: 2.0488362
A319: 318 | B319: m100_MPa | C319: Exp0_baseline | F319: RandomForest | Q319: 0.60380763 | S319: 2.3726425 | T319: 1.5430137
A320: 319 | B320: m100_MPa | C320: Exp1_kernel_screen | F320: GP | G320: rbf | H320: TRUE | I320: FALSE | J320: log1p | K320: none | L320: full | M320: 0 | N320: -1 | O320: -4 | P320: 1 | Q320: 0.51489369 | R320: 0 | S320: 2.626029 | T320: 1.7317146 | U320: 0.92417062 | V320: 2.3693489 | W320: 40.90421
A321: 320 | B321: m100_MPa | C321: Exp1_kernel_screen | F321: GP | G321: rbf | H321: FALSE | I321: FALSE | J321: log1p | K321: none | L321: full | M321: 0 | N321: -1 | O321: -4 | P321: 1 | Q321: 0.60187509 | R321: 0 | S321: 2.3789797 | T321: 1.5533198 | U321: 0.93838863 | V321: 2.3040947 | W321: 1.6673455
A322: 321 | B322: m100_MPa | C322: Exp1_kernel_screen | F322: GP | G322: matern12 | H322: TRUE | I322: FALSE | J322: log1p | K322: none | L322: full | M322: 0 | N322: -1 | O322: -4 | P322: 1 | Q322: 0.54097098 | R322: 0 | S322: 2.5544719 | T322: 1.6931046 | U322: 0.92417062 | V322: 2.3443099 | W322: 40.330979
A323: 322 | B323: m100_MPa | C323: Exp1_kernel_screen | F323: GP | G323: matern12 | H323: FALSE | I323: FALSE | J323: log1p | K323: none | L323: full | M323: 0 | N323: -1 | O323: -4 | P323: 1 | Q323: 0.61794461 | R323: 0 | S323: 2.3304738 | T323: 1.5425106 | U323: 0.94312796 | V323: 2.2746986 | W323: 1.93539
A324: 323 | B324: m100_MPa | C324: Exp1_kernel_screen | F324: GP | G324: matern32 | H324: TRUE | I324: FALSE | J324: log1p | K324: none | L324: full | M324: 0 | N324: -1 | O324: -4 | P324: 1 | Q324: 0.54545947 | R324: 0 | S324: 2.5419521 | T324: 1.6749988 | U324: 0.91943128 | V324: 2.3389799 | W324: 47.035158
A325: 324 | B325: m100_MPa | C325: Exp1_kernel_screen | F325: GP | G325: matern32 | H325: FALSE | I325: FALSE | J325: log1p | K325: none | L325: full | M325: 0 | N325: -1 | O325: -4 | P325: 1 | Q325: 0.61679929 | R325: 0 | S325: 2.3339643 | T325: 1.5223754 | U325: 0.93838863 | V325: 2.2838401 | W325: 1.7967036
A326: 325 | B326: m100_MPa | C326: Exp1_kernel_screen | F326: GP | G326: matern52 | H326: TRUE | I326: FALSE | J326: log1p | K326: none | L326: full | M326: 0 | N326: -1 | O326: -4 | P326: 1 | Q326: 0.53371551 | R326: 0 | S326: 2.5745809 | T326: 1.6933888 | U326: 0.92417062 | V326: 2.3542019 | W326: 50.353138
A327: 326 | B327: m100_MPa | C327: Exp1_kernel_screen | F327: GP | G327: matern52 | H327: FALSE | I327: FALSE | J327: log1p | K327: none | L327: full | M327: 0 | N327: -1 | O327: -4 | P327: 1 | Q327: 0.6118334 | R327: 0 | S327: 2.3490386 | T327: 1.5287263 | U327: 0.93364929 | V327: 2.2907646 | W327: 1.6659377
A328: 327 | B328: m100_MPa | C328: Exp1_kernel_screen | F328: GP | G328: rq | H328: FALSE | I328: FALSE | J328: log1p | K328: none | L328: full | M328: 0 | N328: -1 | O328: -4 | P328: 1 | Q328: 0.61127819 | R328: 0 | S328: 2.3507179 | T328: 1.5290505 | U328: 0.93364929 | V328: 2.2891478 | W328: 3.4537539
A329: 328 | B329: m100_MPa | C329: Exp2_BO | D329: 0 | E329: 0 | F329: GP | G329: rq | H329: FALSE | I329: TRUE | J329: std | K329: none | L329: full | M329: -0.96694473 | N329: -0.56018928 | O329: -2.3489777 | P329: 1 | Q329: 0.69347872 | R329: 0 | S329: 2.0874274 | T329: 1.4560173 | U329: 0.93838863 | V329: 2.1645133 | W329: 7.7480803
A330: 329 | B330: m100_MPa | C330: Exp2_BO | D330: 0 | E330: 1 | F330: GP | G330: matern32 | H330: FALSE | I330: TRUE | J330: log1p | K330: log | L330: full_cure6 | M330: 0.87014485 | N330: -0.55243934 | O330: -5.989046 | P330: 1 | Q330: 0.67625744 | R330: 0 | S330: 2.1452651 | T330: 1.382764 | U330: 0.93364929 | V330: 2.1511328 | W330: 6.1024289
A331: 330 | B331: m100_MPa | C331: Exp2_BO | D331: 0 | E331: 2 | F331: GP | G331: matern12 | H331: FALSE | I331: TRUE | J331: std | K331: log | L331: full_cure6 | M331: -0.64868876 | N331: -0.41046323 | O331: -3.8341551 | P331: 1 | Q331: 0.60361389 | R331: 0 | S331: 2.373779 | T331: 1.4294076 | U331: 0.93364929 | V331: 2.0685114 | W331: 5.5394464
...

Sheet Best_Models
A1: target | B1: n_total | C1: n_dev | D1: n_test | E1: n_sources | F1: kernel | G1: ARD | H1: linear_term | I1: x_transform | J1: y_transform | K1: feature_set | L1: ls_init(log10) | M1: noise_init(log10) | N1: noise_floor(log10) | O1: n_restarts(final) | P1: CV_R2(5x5) | Q1: CV_R2_std | R1: CV_RMSE | S1: Test_R2 | T1: Test_RMSE | U1: Test_MAE | V1: Test_95PI_coverage | W1: LeaveSourceOut_R2 | X1: RF_Test_R2 | Y1: Ridge_Test_R2 | Z1: GPdefault_Test_R2 | AA1: final_kernel (fitted on all data) | AB1: log_marginal_likelihood
A2: hardness_shoreA | B2: 227 | C2: 181 | D2: 46 | E2: 21 | F2: matern32 | G2: TRUE | H2: TRUE | I2: log1p | J2: log | K2: full_agg | L2: -0.87530084 | M2: -1.0760155 | N2: -2.5894686 | O2: 3 | P2: 0.73582398 | Q2: 0.017681148 | R2: 4.6731806 | S2: 0.91928721 | T2: 2.3658441 | U2: 1.745154 | V2: 0.97826087 | W2: 0.37882507 | X2: 0.81294298 | Y2: 0.77464821 | Z2: -8.7343112 | AA2: 0.776**2 * Matern(length_scale=[1e+03, 2.81, 0.0724, 1e+03, 1.93, 1e+03, 8.19, 1e+03, 0.107, 15.3, 2.65, 1e+03, 0.133, 710, 1.57, 318, 0.133, 0.133, 0.133], nu=1.5) + 0.157**2 * DotProduct(sigma_0=0.00366) + WhiteKernel(noise_level=0.117) | AB2: -154.57528
A3: tensile_MPa | B3: 263 | C3: 210 | D3: 53 | E3: 26 | F3: matern12 | G3: FALSE | H3: FALSE | I3: log1p | J3: none | K3: full_cure6 | L3: 0.99284829 | M3: -2.9601722 | N3: -2.2687213 | O3: 3 | P3: 0.69115808 | Q3: 0.0099590656 | R3: 2.8185775 | S3: 0.48340927 | T3: 3.249446 | U3: 2.3418048 | V3: 0.9245283 | W3: 0.30306317 | X3: 0.40494657 | Y3: 0.15710125 | Z3: -3.7253527 | AA3: 1.47**2 * Matern(length_scale=13.2, nu=0.5) + WhiteKernel(noise_level=0.22) | AB3: -269.00728
A4: elongation_pct | B4: 270 | C4: 216 | D4: 54 | E4: 28 | F4: matern12 | G4: TRUE | H4: TRUE | I4: std | J4: log | K4: compact | L4: -0.48660648 | M4: -0.0068929362 | N4: -4.6606026 | O4: 3 | P4: 0.63014928 | Q4: 0.011932667 | R4: 34.398389 | S4: -0.19179894 | T4: 70.259013 | U4: 35.030431 | V4: 0.92592593 | W4: -0.016057841 | X4: 0.59741445 | Y4: 0.47057622 | Z4: -1052.5174 | AA4: 0.654**2 * Matern(length_scale=[0.0178, 1.05, 836, 3.34, 0.861, 18.5, 0.367, 23.3, 12.4, 854, 0.01, 0.0617, 0.01], nu=0.5) + 0.161**2 * DotProduct(sigma_0=0.00267) + WhiteKernel(noise_level=0.192) | AB4: -253.17367
A5: m100_MPa | B5: 264 | C5: 211 | D5: 53 | E5: 26 | F5: matern32 | G5: FALSE | H5: TRUE | I5: std | J5: none | K5: full_cure6 | L5: 0.92197448 | M5: -2.7118094 | N5: -5.7095933 | O5: 3 | P5: 0.72086846 | Q5: 0.019602978 | R5: 1.9907393 | S5: 0.81425029 | T5: 1.2212027 | U5: 0.95480702 | V5: 1 | W5: 0.2590896 | X5: 0.66952559 | Y5: 0.43554989 | Z5: -528.07048 | AA5: 0.646**2 * Matern(length_scale=2.14, nu=1.5) + 0.232**2 * DotProduct(sigma_0=0.00102) + WhiteKernel(noise_level=0.146) | AB5: -224.62577
A6: compression_set_pct | B6: 250 | C6: 200 | D6: 50 | E6: 24 | F6: matern52 | G6: TRUE | H6: FALSE | I6: log1p | J6: log | K6: full | L6: -0.67976803 | M6: -1.0878491 | N6: -2.5190288 | O6: 3 | P6: 0.32745566 | Q6: 0.042770196 | R6: 11.644071 | S6: 0.097476087 | T6: 12.144396 | U6: 7.7295679 | V6: 0.86 | W6: -0.13594421 | X6: 0.16532004 | Y6: 0.06542272 | Z6: -20.484684 | AA6: 0.983**2 * Matern(length_scale=[1.44, 2.22, 5.73, 2.35, 0.135, 2.11, 1.86, 3.74, 1e+03, 653, 0.342, 2.28, 0.209, 1e+03, 0.209, 0.209, 0.209, 0.0424], nu=2.5) + WhiteKernel(noise_level=0.269) | AB6: -287.61713

Sheet Predictions
A1: target | B1: row_id | C1: source_id | D1: example_label | E1: set | F1: y_true | G1: y_pred | H1: y_std | I1: lower95 | J1: upper95 | K1: residual | L1: inside95
A2: hardness_shoreA | B2: G016 | C2: US7678858B2 | D2: Example 15 | E2: dev(OOF) | F2: 82 | G2: 78.690758 | H2: 3.4357785 | I2: =G2-1.96*H2 | J2: =G2+1.96*H2 | K2: =G2-F2 | L2: =IF(AND(F2>=I2,F2<=J2),1,0)
A3: hardness_shoreA | B3: G026 | C3: US6803402B2 | D3: Comparative Example 1 | E3: dev(OOF) | F3: 59 | G3: 63.509468 | H3: 3.4927608 | I3: =G3-1.96*H3 | J3: =G3+1.96*H3 | K3: =G3-F3 | L3: =IF(AND(F3>=I3,F3<=J3),1,0)
A4: hardness_shoreA | B4: G325 | C4: KR101467101B1 | D4: Table 2 sample 3 | E4: dev(OOF) | F4: 65 | G4: 69.64389 | H4: 7.638176 | I4: =G4-1.96*H4 | J4: =G4+1.96*H4 | K4: =G4-F4 | L4: =IF(AND(F4>=I4,F4<=J4),1,0)
A5: hardness_shoreA | B5: G077 | C5: US12091537B2 | D5: Example 4 | E5: dev(OOF) | F5: 79 | G5: 78.188941 | H5: 3.9236138 | I5: =G5-1.96*H5 | J5: =G5+1.96*H5 | K5: =G5-F5 | L5: =IF(AND(F5>=I5,F5<=J5),1,0)
A6: hardness_shoreA | B6: G272 | C6: US20230174763A1 | D6: Comparative Example 11 | E6: dev(OOF) | F6: 70 | G6: 68.850346 | H6: 3.9133179 | I6: =G6-1.96*H6 | J6: =G6+1.96*H6 | K6: =G6-F6 | L6: =IF(AND(F6>=I6,F6<=J6),1,0)
A7: hardness_shoreA | B7: G191 | C7: US20160319102A1 | D7: Example 2 | E7: dev(OOF) | F7: 70 | G7: 64.475569 | H7: 3.2638192 | I7: =G7-1.96*H7 | J7: =G7+1.96*H7 | K7: =G7-F7 | L7: =IF(AND(F7>=I7,F7<=J7),1,0)
A8: hardness_shoreA | B8: G292 | C8: EP4249550A1 | D8: Example 3 | E8: dev(OOF) | F8: 72 | G8: 70.3657 | H8: 3.2083427 | I8: =G8-1.96*H8 | J8: =G8+1.96*H8 | K8: =G8-F8 | L8: =IF(AND(F8>=I8,F8<=J8),1,0)
A9: hardness_shoreA | B9: G319 | C9: KR102400335B1 | D9: Example 5 | E9: dev(OOF) | F9: 73 | G9: 76.259821 | H9: 5.8638104 | I9: =G9-1.96*H9 | J9: =G9+1.96*H9 | K9: =G9-F9 | L9: =IF(AND(F9>=I9,F9<=J9),1,0)
A10: hardness_shoreA | B10: G118 | C10: US5696189A | D10: Example 1 | E10: dev(OOF) | F10: 76 | G10: 80.387764 | H10: 8.3529142 | I10: =G10-1.96*H10 | J10: =G10+1.96*H10 | K10: =G10-F10 | L10: =IF(AND(F10>=I10,F10<=J10),1,0)
A11: hardness_shoreA | B11: G085 | C11: US8367776B2 | D11: Comparative Example 2 | E11: dev(OOF) | F11: 78 | G11: 63.760508 | H11: 2.3493244 | I11: =G11-1.96*H11 | J11: =G11+1.96*H11 | K11: =G11-F11 | L11: =IF(AND(F11>=I11,F11<=J11),1,0)
A12: hardness_shoreA | B12: G058 | C12: US11753523B2 | D12: Comparative Example 1 | E12: dev(OOF) | F12: 72 | G12: 74.374789 | H12: 4.2020695 | I12: =G12-1.96*H12 | J12: =G12+1.96*H12 | K12: =G12-F12 | L12: =IF(AND(F12>=I12,F12<=J12),1,0)
A13: hardness_shoreA | B13: G297 | C13: EP4249550A1 | D13: Example 8 | E13: dev(OOF) | F13: 68 | G13: 71.479913 | H13: 4.1334293 | I13: =G13-1.96*H13 | J13: =G13+1.96*H13 | K13: =G13-F13 | L13: =IF(AND(F13>=I13,F13<=J13),1,0)
... A1275: compression_set_pct | B1275: G133 | C1275: US7247749B2 | D1275: Sample 9 | E1275: test | F1275: 16 | G1275: 10.496368 | H1275: 2.9192508 | I1275: =G1275-1.96*H1275 | J1275: =G1275+1.96*H1275 | K1275: =G1275-F1275 | L1275: =IF(AND(F1275>=I1275,F1275<=J1275),1,0)

Sheet BO_Recommend
A1: 주의: 아래는 GP 모델 예측값(평균±표준편차)에 기반한 '다음 실험 후보'이며 실측 데이터가 아닙니다. 실제 배합·가황 후 시험으로 검증이 필요합니다.
A3: rank | B3: polymer_type | C3: cure_system | D3: carbon_black_phr | E3: silica_phr | F3: alumina_phr | G3: barium_sulfate_phr | H3: titanium_oxide_phr | I3: fluororesin_phr | J3: other_inorganic_filler_phr | K3: organic_additive_phr | L3: coagent_phr | M3: peroxide_phr | N3: nitrile_curative_phr | O3: other_curative_phr | P3: acid_acceptor_phr | Q3: processing_aid_phr | R3: total_filler_phr | S3: pred_tensile_MPa | T3: std_tensile_MPa | U3: pred_hardness_shoreA | V3: std_hardness_shoreA | W3: pred_elongation_pct | X3: std_elongation_pct | Y3: EI_tensile | Z3: P_feasible | AA3: cEI | AB3: nearest_example | AC3: dist_to_nearest
A4: 1 | B4: FFKM | C4: nitrile_triazine | D4: 0 | E4: 0 | F4: 0 | G4: 0 | H4: 6.3453992 | I4: 49.932617 | J4: 0 | K4: 0 | L4: 0 | M4: 0 | N4: 0.29638509 | O4: 0 | P4: 0 | Q4: 0 | R4: 56.278016 | S4: 18.751255 | T4: 4.5019483 | U4: 76.769742 | V4: 6.6871742 | W4: 238.08558 | X4: 39.554284 | Y4: 0.49665266 | Z4: 0.52291077 | AA4: 0.25970503 | AB4: US5696189A Comparative Example B | AC4: 1.8588978
A5: 2 | B5: FFKM | C5: nitrile_triazine | D5: 0 | E5: 0 | F5: 6.707912 | G5: 0 | H5: 0 | I5: 49.868319 | J5: 0 | K5: 0 | L5: 0 | M5: 0 | N5: 0.35168754 | O5: 0 | P5: 0 | Q5: 0 | R5: 56.576231 | S5: 19.29333 | T5: 4.4545955 | U5: 76.774848 | V5: 9.1795616 | W5: 241.62499 | X5: 39.852254 | Y5: 0.59900249 | Z5: 0.40271145 | AA5: 0.24122516 | AB5: US7354974B2 Example 1 | AC5: 2.042738
A6: 3 | B6: FFKM | C6: nitrile_triazine | D6: 0 | E6: 1.3466528 | F6: 0 | G6: 0 | H6: 6.9751007 | I6: 31.169119 | J6: 0 | K6: 0 | L6: 0 | M6: 0 | N6: 0.52267961 | O6: 0 | P6: 0 | Q6: 0 | R6: 39.490873 | S6: 18.41987 | T6: 4.4505256 | U6: 77.390793 | V6: 6.1282072 | W6: 258.0372 | X6: 38.788972 | Y6: 0.42096517 | Z6: 0.54948563 | AA6: 0.23131431 | AB6: US5696189A Comparative Example B | AC6: 1.6877256
A7: 4 | B7: FFKM | C7: nitrile_triazine | D7: 9.8844759 | E7: 0 | F7: 0 | G7: 0 | H7: 0 | I7: 37.923053 | J7: 0 | K7: 0 | L7: 0 | M7: 0 | N7: 0.17577182 | O7: 0 | P7: 0 | Q7: 0 | R7: 47.807528 | S7: 19.05182 | T7: 3.8872954 | U7: 78.722584 | V7: 4.0720602 | W7: 213.66048 | X7: 46.645673 | Y7: 0.38680854 | Z7: 0.55472829 | AA7: 0.21457364 | AB7: US7354974B2 Control D | AC7: 2.3900149
A8: 5 | B8: FFKM | C8: nitrile_triazine | D8: 0 | E8: 0 | F8: 0 | G8: 0 | H8: 7.9307109 | I8: 25.893847 | J8: 0 | K8: 0 | L8: 0 | M8: 0 | N8: 1.1688258 | O8: 0 | P8: 0 | Q8: 0 | R8: 33.824558 | S8: 18.197619 | T8: 4.4849933 | U8: 73.845749 | V8: 6.6145288 | W8: 268.21024 | X8: 44.945524 | Y8: 0.39188088 | Z8: 0.54111981 | AA8: 0.21205451 | AB8: US5696189A Comparative Example B | AC8: 1.2581202
A9: 6 | B9: FFKM | C9: nitrile_triazine | D9: 0 | E9: 2.4358074 | F9: 7.1155874 | G9: 0 | H9: 0 | I9: 43.566 | J9: 0 | K9: 0.70443886 | L9: 0 | M9: 0 | N9: 1.251774 | O9: 0 | P9: 0 | Q9: 0 | R9: 53.821834 | S9: 19.226623 | T9: 4.6327796 | U9: 81.871228 | V9: 9.8867279 | W9: 273.3808 | X9: 42.906797 | Y9: 0.6379661 | Z9: 0.30938752 | AA9: 0.19737875 | AB9: US11118045B2 Example 11 | AC9: 2.2150447
A10: 7 | B10: FFKM | C10: nitrile_other | D10: 0 | E10: 0 | F10: 15 | G10: 0 | H10: 0 | I10: 44.380341 | J10: 0 | K10: 0 | L10: 0 | M10: 0 | N10: 1.177148 | O10: 0 | P10: 0 | Q10: 0 | R10: 59.380341 | S10: 18.473825 | T10: 4.8480564 | U10: 78.582542 | V10: 9.8241909 | W10: 271.98403 | X10: 39.724071 | Y10: 0.53804353 | Z10: 0.36580587 | AA10: 0.19681948 | AB10: US7354974B2 Control D | AC10: 2.8219582
A11: 8 | B11: FFKM | C11: nitrile_triazine | D11: 22.434721 | E11: 0 | F11: 0 | G11: 0 | H11: 0 | I11: 23.202306 | J11: 0 | K11: 0 | L11: 0 | M11: 0 | N11: 0.20734263 | O11: 0 | P11: 0 | Q11: 0 | R11: 45.637028 | S11: 18.65811 | T11: 4.0665591 | U11: 78.777602 | V11: 4.0745386 | W11: 201.22266 | X11: 44.120345 | Y11: 0.36406705 | Z11: 0.5283262 | AA11: 0.19234616 | AB11: US11072700B2 Comparative Example 3 | AC11: 3.1867262
A12: 9 | B12: FFKM | C12: nitrile_triazine | D12: 0 | E12: 1.4008758 | F12: 0 | G12: 0 | H12: 3.5713823 | I12: 24.054718 | J12: 0 | K12: 0.69660332 | L12: 0 | M12: 0 | N12: 0.85167046 | O12: 0 | P12: 0 | Q12: 0 | R12: 29.723579 | S12: 17.969493 | T12: 4.2135865 | U12: 77.094979 | V12: 4.7360406 | W12: 237.03912 | X12: 40.533155 | Y12: 0.29383714 | Z12: 0.65260132 | AA12: 0.1917585 | AB12: US5696189A Comparative Example B | AC12: 1.4170513
A13: 10 | B13: FFKM | C13: nitrile_bisaminophenol | D13: 30 | E13: 0 | F13: 0 | G13: 0 | H13: 5.7161045 | I13: 0 | J13: 0 | K13: 0 | L13: 0 | M13: 0 | N13: 1.0627773 | O13: 0 | P13: 0 | Q13: 0 | R13: 35.716104 | S13: 18.281486 | T13: 4.2644364 | U13: 74.329519 | V13: 5.8260839 | W13: 197.43206 | X13: 37.705632 | Y13: 0.35148998 | Z13: 0.54293629 | AA13: 0.19083666 | AB13: US7402630B2 Example 7 | AC13: 1.9047591
